0000037214, 0000031887, B0006J30RU, B0006L54AY
0000031887, B0006J30RU, 0000037214, B0002UU60M
0123456479, B00024QUCQ, B0002USPEQ, B0006JCGUM
0456844570, B0006L8BQ8, B0002EBJ6I, B00065Z00Y
0456808574, 7293005946, B0000D8W13, B0000DC7UY
0456830197, B00020J0ZO, B0002UT2N4, B0000WVVLU
0456856293, B0000DC7UY, B00062ATG2, 0456787283
0456840532, B0001Y50WS, B0000224VM, B0000722BF
0456787283, B0000DC7UY, 0456856293, B00062ATG2
0456838384, B0000E09WG, 0456840532, B0002KWZ4M
0641674791, B0001J3Z2A, B0002ZODII, B0002YWFTS
0641997078, B00000K3SL, B0002NZO5G, B00023GGZI
0681256036, B00023JOB6, B00017X44Q, B00015YEA6
0681358173, B000308UKE, B0000AOY16, B00008668E
0742403920, B0002H8N64, B00023K7SU, B00023K3V6
0756029929, B0001X275M, B0001X5BPK, B0002V2F3M
0756029104, B0006ABRWY, B0006D4TMQ, B0006D4U2A
0765599864, B0002JUELO, B00006BSTB, B00023JVB4
0839933363, B0002JLQDE, B0002PEKU4, B00012NOZK
1028907516, B0000C0SE4, B0000224VM, B0000722BF
1094780162, B0002VSPZY, 3987538945, B0000DJZXB
1304567583, 1304567613, B00024QUCQ, B0002USPEQ
1304567613, 1304567583, B0000CGHG7, B00023DIVI
1304743128, B00012ALHO, B0001X5BL4, B0002KBQ4C
1304743594, B0000224VM, B0000722BF, B00009QB5V
1397458135, 1340918064, 2394869135, 4759817492
139475891X, B0000DC7UY, B0000D8W13, 7293005946
1394751931, B00015FU9A, B00028IP1Q, B00023K9EC
1340918064, 1397458135, 2394869135, 4759817492
1403799385, B0006NMCCA, B0006LTWCK, B00012NOH8
1412718031, B0000722AS, B00008ID0O, B0000AT7GG
1412719410, B0006GBPXE, B0000TSILO, B00005MFBU
1465014578, B00062L9DY, B0006D4NYU, B0006JJW5Y
1564518620, B0006GC4MA, B00064UTOC, 1620574128
1593153767, B00030LHBS, B000657VMO, B0000224VM
1595067566, B0001CHL0Y, B0002ITFCO, B0002TEMVC
1608322181, 1608322262, 1608322130, B00006M7NJ
1608322130, 1608322181, 1608322262, B00009PPHY
1608322262, 1608322181, 1608322130, B0000722AS
1620574128, 1564518620, B0006GC4MA, B0002X0ALY
183465193X, B0000722AS, B00008ID0O, B0000AT7GG
1848572972, B0002IVEBY, B0003022K8, B0006N8ZSU
1864502517, B00023HUXK, B00023JP4M, 0000037214
1906726205, B00006M4B1, B0001PNGGE, B0000CNR1H
1933027223, B00020OCC0, B0000C6BO2, B0000C6BO5
1935159100, B0000DZYSB, B000087QPM, B00026SDEW
1983049581, B0002CVMZS, B00026RGL8, B00023K31Q
2049768915, B0000722AS, B00008ID0O, B0000AT7GG
2200483236, 2258798612, B00000K3SI, B00061NLA4
2258798612, B00000K3SI, 2200483236, B00061NLA4
2394869135, 1397458135, 4759817492, B00062N43W
245687787X, B00000K3SI, B00061NLA4, B00005QEME
2485907463, B0006H6DKS, B0006GB23W, B0001MRFJG
245600258X, B00029I0WO, B0002MFHHW, B0002V40FS
3293015344, 7482782028, 9991122052, B0002VZXG8
3924862206, B00063W5FE, B0002D8GME, B0001X5BL4
3999837810, B00009OX7M, B0000AIXZC, B00004U3M4
3987538945, B00068TJ76, B0006IHHN4, B0000C0SE4
3999847743, 9888999117, 8805003204, B0002RRS3S
3999838167, B0001AJ0F0, B00006LZXE, B00004U3LG
4759817492, 1397458135, 2394869135, B0001ZUVAI
481713996X, B00067U5CU, B0002W4PYS, B00065FZXG
4911850813, B0001HK908, B00067M5OQ, B00005QY08
4971850788, 4971850813, B00027NZH6, B0000C850S
4971850813, 4971850788, B00027NZH6, B000209ZPO
500000003X, 5000000048, B00011TNME, B0000DC98Y
4971850491, B00006I54X, B0000TW3WO, B0001DZDKS
5000000048, 500000003X, B00011TNME, B0000DC98Y
5103277875, B00023K1Y0, B0002935WE, B00012AWQO
5555015097, 5555015038, 5555015119, 555501239X
5555014368, 5555015038, 5555015119, 555501239X
5555012322, 5555012349, 5555015038, 555501239X
555501239X, 5555015038, 5555012322, 5555015119
5555012349, 5555012322, 5555015038, 555501239X
5555014090, 5555015038, 555501239X, 5555012322
5555015038, 555501239X, 5555012322, 5555015119
5555012330, 5555012322, 5555015038, 555501239X
5555015119, 5555015038, 555501239X, 5555015097
5699031936, B0000DH579, B0002GKYXA, B00005BHKU
6035555551, B0002TMDFY, B00018A7HC, 6181954635
6040383305, B0002ZKFLW, B00011V2FA, B00012A8GS
6040384441, B0001SU10U, B0002FHG5U, B0002FHGDW
6042496778, B0002ZB7W8, B0001LU1GQ, B0002TOO9M
6041616796, B00007I6VN, B00029U2G6, 9789806442
6041006041, B0000DHX4C, B0006BBAPC, B0000ZH4YK
6148249588, B00063W5FY, B0000507H9, B00063W4WI
6152004780, B00012NP22, B00023JQG4, B0002JLQDE
6152000629, 6175001664, B0002TPPK4, 7482784861
6175001664, 6152000629, B0002IM8CI, 8511000135
6175001273, B0002XP3XO, B00023JXSU, B0002FQD0O
6181954635, B00018A7HC, B0000E1VVK, B0006D43FO
7106116521, B0001VV52U, B00022C7OI, B00022C8W4
7111324579, B000659OLA, B0000AS4OM, B0001MRG1I
7211045639, B0000722AS, B00008ID0O, B0000AT7GG
7293005946, 0456808574, B0000D8W13, B00062ATG2
7482784861, 9533224266, B00029X95C, 9502736508
7482785205, 874224241X, 8742245001, B00023JODO
7482785221, B0001W9HZ6, B00024QUCQ, B0002USPEQ
7482782028, 3293015344, 7482785221, B00039NI6Q
7503681888, B0000BUWY5, B0000TSIMI, B000087QPM
7501958645, 8970463763, 8921463267, 8921463240
7549000212, 8970469826, 7801784235, B0006N8XJQ
7801784235, 7549000212, B00023JJ8E, B000257LB4
7842953562, 9533224266, 3293015344, 7482782028
7842955867, 9533224266, 9502738349, 3293015344
7884975238, 8805003204, B00067YXQY, B0000UV9ZK
7890004311, B0006BHRZ4, B00009ZL5A, B00007IBH0
7966780883, B0002KK48G, B0002AZ67U, 7966770882
7966770882, B0002KK48G, B0002AZ67U, 7966780883
8087049098, B0002VN8GK, B00026SN06, B00012A4SA
8181475135, B0000CC55M, B00064VXR4, B00006LZXE
8279996834, B0000BW2GC, B000652ERG, B0000VA1J4
8511000135, B0002IM8CI, 9533224029, B00066MFWE
8742239338, B0003029GA, B0006M1VYG, B0000BUWK5
8742245095, B00011TNME, B0006I3XTQ, B0000DC98Y
874224241X, 7482785205, 8742245001, B00023JODO
8742238846, 9533224266, 7842955867, 9502738349
8742245001, 874224241X, 7482785205, B00023JODO
8742239745, B0002DFLH2, B0002MFPCO, B0001I56QE
8742245117, B0002YWFTS, B00024QUCQ, B0002USPEQ
8805003204, B0006JCGUM, B00004WHFF, B0002GQNT4
8862938861, 8866138096, 886613984X, 8866138371
8866138096, 8862938861, 886613984X, 8866138371
8866138371, 8866138096, 8862938861, 886613984X
886613984X, 8866138096, 8862938861, 8866138371
8921463216, 8921463267, 8921463240, 8970463763
8921463267, 8921463240, 8921463216, 8970463763
8921463240, 8921463267, 8921463216, 8970463763
895274649X, 8970463763, B00021Z1YC, 8921463267
8970469826, 7549000212, B0002YAY5U, B0006N8XJQ
8970463763, B00021Z1YC, 895274649X, 8921463267
8970463682, 8970463763, B0002UOZPO, B00025X21M
899634480X, B0000782AN, B0002XLWDY, B0006FKFEU
901248068X, B000072825, B0000AWQZC, B0002L4ASU
9033700018, 9033700026, B00029R84K, B000022528
9033700026, 9033700018, B00029R84K, B000022528
9038900074, B000659ORY, B00022F4K2, B0000B35EL
9502738349, 7842955867, 8742238846, B00064NZ16
9502736966, B0002IBKQ8, 7482785221, B0006G8LC2
9502736508, B00023K3ES, B0002D8GKQ, 9502736966
9533224029, 8511000135, B00021NDQ0, B00066MFWE
9533222980, B00064UUBE, B0002JLQDE, B0002PEKU4
9533224266, 7842953562, 7842955867, 3293015344
9571353221, 8805003204, B0001MVHK4, B00024WB4C
957349230X, B0002QVLIC, B0006HJBGG, B0000A420U
9620764617, B00018A85S, B0000224VM, B0000722BF
9621434939, B0002V9KJY, B0006GRQB4, B0002Q2MXU
9626781793, 9889832488, 9881716179, B00018A8F8
9626819502, 9626819510, B0002KWZ4M, B0000ATBXV
9626819510, 9626819502, B00063VPH8, B0001GU6GG
9629558424, B0000E0IZ1, B0002U4XTW, B0001AJ0F0
974404117X, B0000TIIQ4, B00030BMZY, B0000224VM
978979262X, B0000A68PB, B00023QZXQ, B0006A7Y0I
9789806442, 9789814259, B00018AA7O, B0002GIVHQ
9789814607, 9830031993, 9822502885, 9822490682
9789814259, 9789806442, B00018AA7O, B0002GIVHQ
978981528X, 9822502885, 978981366X, 9789815573
9789812442, 9789817924, B00018A6TQ, 978981528X
9789817924, 9789812442, B00018A6TQ, 978981528X
9789816723, 978980539X, B0006846IS, 9822497415
9789813473, 9830031993, 9822502885, 978981528X
978980539X, 9789816723, B0006846IS, 9822497415
9789810474, B00006MMGZ, 9830031993, 9822502885
9789841655, 9789816723, B0006846IS, 9822497415
9789814232, 9789812442, 9789816723, B00018A6TQ
978980685X, B0002WUQ3W, B0000224VM, B0000722BF
978981366X, 978981528X, 9822502885, 9789815573
9789815573, 978981528X, 9822502885, 978981366X
9800531750, 9789806442, B00018AA7O, B0002GIVHQ
9820303354, 9789806442, B00018AA7O, B0002GIVHQ
9822497415, 9789816723, B0006846IS, B0006848QI
9822502885, B0000UTA2E, 978981528X, 9830034321
9822490682, 9830031993, 978981528X, 9822502885
9828384728, 9822502885, 978981528X, 9830031993
9828397501, 9789806442, B00018AA7O, B0002GIVHQ
9822494750, 9789816723, B0006846IS, 9822497415
9828384647, 9789812442, B00018A6TQ, 9789816723
9830030296, 978981528X, 9822502885, 978981366X
9828378779, 9789816723, B0006846IS, 9822497415
9822504365, 9789812442, B00018A6TQ, 978981528X
9830034321, 9822502885, 978981528X, 9789814232
9830032035, B00063VY6U, 0641997078, B0003TOQIK
9830033864, 978981528X, 9822502885, 978981366X
982030332X, 978981528X, 9822502885, 978981366X
9830019934, 978981528X, 9822502885, 978981366X
9822504462, 9828397331, 978981528X, 9822502885
9830031993, 9822502885, 9822490682, 978981528X
9828397331, 9822504462, 978981528X, 9822502885
9861137882, B0001RHLYK, B00007GNHM, B0000E0166
9881716179, 9889832488, 9626781793, B0000C6CYZ
9882105602, B0000A420U, B00023JJJS, B0000ANHRR
9888999117, 3999847743, B0006I3YIG, B0006IY3Q8
9889832488, 9626781793, 9881716179, B00000K3SI
9895503776, 9895503792, B00066MFWE, B00066D32U
9895503792, 9895503776, B00066MFWE, B00066D32U
9895516312, B00015K3TW, B0006GK724, B00011P93Q
9895501900, B0002AAGC0, B0006I739M, 9895503776
9895517319, B0000AWHAA, B00063W2CU, B0002BS72U
9895517890, B000632S92, B00063W2CU, B0000UTA2E
9895515510, B0000AHWIS, B000200A62, B0000DD6C2
9991122052, 3293015344, B0000AWQXY, B00018A8F8
B000000IJZ, B000679RKQ, B0002TS9YI, B000022528
B000000YFH, B000069C5H, B00005Q4V7, B0006ABRWY
B00000452O, B0001NEBQU, B0000DHVN0, B00064AE8S
B00000755K, B00068J8Z4, B00065H4SA, B00061TKS6
B00000DTG5, B0001NEBQU, B0000DHVN0, B00064AE8S
B00000HF2Z, 0000037214, 0000031887, 0123456479
B00000IG4O, B0006L9ZWC, B0002KV5OS, B00018MOO6
B00000IUYP, B00023JURO, B0000AWTWR, B0001TP6CC
B00000K3SI, B00061NLA4, 9889832488, B00005QEME
B00000K3SK, B0000CGHG7, B00023DIVI, B00069SSYU
B00000K3SL, B00023GGZI, B0002RI5XU, B0002NZO60
B00001NFV8, B00009QMR3, B0000AI44G, B0000AMA9L
B00001NFX5, B00065G0EE, B00001O36O, B00023JJ8E
B00001O36X, B00001OGXJ, B00001O36V, B00001O375
B00001OGXK, B00001O36V, B00001O375, B00001OGXJ
B00001O375, B00001O36V, B00001OGXK, B00001O36X
B00001OGXJ, B00001O36X, B00001OGXK, B00001O36V
B00001O36O, B00068OJAI, B0000E3BT9, B00004U1KZ
B00001O36V, B00001O375, B00001OGXK, B00001O36X
B00001QHXY, B00006BSTB, B00012TL1Q, B00009PS2K
B00001QHXX, B0001554OG, B00009YTKQ, B0002J4FL4
B00001T38R, B0006JGERI, B00001TPZJ, B00001T38Y
B00001T38Y, B00004U3M4, B00007F8PO, B00009OX7M
B00001TAOY, B00001U02K, B00018A8SU, B0002C6NM0
B00001TQ1S, B00001TQ1U, B00001U00Y, B00005JSCD
B00001U00V, B0006HHH2G, B0000AI44G, B00015FU9U
B00001U02K, B00001TQ34, B00018A8SU, B0002C6NM0
B00001TQ34, B00023JJ8E, B00009MFA6, B00001U02K
B00001U01I, B000051TVB, B00004U1J7, B00068OJGW
B00001TZYK, B00001W0J3, B00009OXD7, B0000UIX5O
B00001TQ1X, B00069SSK4, B0002Z7LZ0, B0002JPAT0
B00001U00Y, B00001TQ1U, B00001TQ1S, B00023JJ8E
B00001TPZJ, B0000AMA90, B0000AI44G, B00015FU9U
B00001TQ1U, B00001U00Y, B00001TQ1S, B00014BWSO
B00001U075, B00023JJ8E, B00004U3LF, B00005KJXN
B00001U07B, B00005KJXM, B00023JJ8E, B000257LB4
B00001TQ2V, B0000AI44G, B00004U3OE, B0000C6EBO
B00001U07M, B000069BCV, B00006CFCY, B0000A9Y61
B00001TOXD, B00009OX7M, B00009LZRJ, B0000AIXZC
B00001T8RT, B00009OX7M, B0000AIXZC, B00004U3M4
B00001TZZN, B00023JJ8E, B00001TQ34, B000257LB4
B00001U07U, B0002NYVUA, B00004U3ST, B00004U3SF
B00001W0F2, B00009OX7R, B0000722AS, B00008ID0O
B00001W0J3, B00001W0GC, B00001TZYK, B00009OXD7
B00001WRHJ, B00001WRHK, B00009OX7M, B0000AIXZC
B00001W0KA, B00004U1J2, B00005NP7D, B00009OX7R
B00001W0GC, B00001W0J3, B00009OX7R, B00005NP7D
B00001WRHK, B00001WRHJ, B00009OX7M, B0000AIXZC
B00002243I, B00002243H, B0000520I4, B0003WF1FY
B00002243H, B0000520I4, B00002243I, B0003WF1FY
B0000224VM, B00004SRAJ, B0000722BF, B00009QB5V
B000022528, B00029R84K, B00002251L, B0006ABRWY
B00002251L, B00015KM5M, B000022528, B00014ZF1E
B000024QZJ, B0002YIAP6, B0006M1REU, B0000733D7
B000026D6I, B00023RRAG, B0002X8USE, B0000V9MJ4
B0000282R9, B0000UIWW8, B0002TTZ1E, B0002PWVQE
B00002N5QQ, B0000WMRWM, B00026T3K0, B00024ALOO
B00002N7X0, B00061NHXA, B00069FVY0, B00029U2IY
B000034DL1, B0002CEXSQ, B00023JJJI, B0006GKF3A
B000034DLF, B000034DLB, B0000AOX1N, B0000AOX1P
B000034DKV, B0002E3696, B000034DLC, B00005JSCD
B000034DKZ, B00008XNMS, B0002TOOC4, B00011TOIC
B000034DLD, B00004U34M, B000067PTB, B00005BHKU
B000034DLC, B000034DKV, B0002E3696, B00006M328
B000034DLB, B000034DLF, B0006NX5QC, B00011TOIC
B000034DLG, B00004U34L, B0002TXOWU, B0000AI44G
B000034DKX, B00011TOIC, B0000ZUJ24, B0006HCSRA
B00004NKKE, B0002E47A8, B0000ZUJ24, B0006A7Y0I
B00004R904, B00006M5HL, B00006MDHL, B0002SSCF0
B00004SQLQ, B00005JSBK, B000297L2O, B000669HDE
B00004SR9N, B00004SR9T, B00004SR9P, B00004SR9S
B00004SR9S, B00004SR9N, B00004SRAJ, B00067U3ZY
B00004SR9T, B00004SR9N, B00004SR9P, B00004SR9S
B00004SR8Z, B00004SR8Y, B00004SR8W, B00004SR94
B00004SR8X, B00004SR94, B00004SR8W, B00004SR8Y
B00004SR94, B0000728OW, B00007ARBJ, B0000V348E
B00004SRB3, B000074F47, B000308MWU, B0004MZO6E
B00004SRA8, B00009PM1W, B00004SRAB, B0000C6BOD
B00004SR9P, B00004SR9N, B00004SR9T, B00004SRAJ
B00004SR8Y, B00004SR8Z, B00004SR94, B00004SR8W
B00004SRAJ, B0000224VM, B0000722BF, B00009QB5V
B00004SR8W, B00004SR94, B00004SR8X, B00004SR8Z
B00004SRAB, B00004SRA8, B00004SRAJ, B00004SR9N
B00004T2XI, B0006GBPXE, B0000TSILO, B00005MFBU
B00004TD6V, B0000501DU, B0000DYLM9, B000073GPK
B00004TF4C, B000092ZW7, B00012FFNO, B0000E1VVM
B00004TVLT, B00069I4T4, B0006M1NSU, B00069I4RG
B00004U0FB, B0006GKKGW, B0000224VM, B0000722BF
B00004U1KZ, 7111324579, B00023JJ8E, B000257LB4
B00004U1J2, B00001W0KA, B000074ULT, B0000ZFMZS
B00004U1J7, B000051TVB, B00068OJGW, B0000C7CCX
B00004U1KF, B0006L52II, 9789816723, B0006846IS
B00004U1KC, B0006GSLCC, B00065H4SA, B000216N94
B00004U1NW, B00001W0F2, B0002QPJDU, B00029QWDS
B00004U1LF, B0002Q67C2, B00023JJ8E, B00009PS2K
B00004U34M, B000034DLD, B000067PTB, B00005BHKU
B00004U34L, B00026CYJC, B0006N1PTQ, B0006FUCHK
B00004U3KC, B0000A3KZQ, B00004U3SU, B0002E7BSI
B00004U3OE, B0000C6EBO, B0000ACDMV, B000096QJ7
B00004U3SU, B0000A3KZQ, B00004U3KC, B0000TSQ8O
B00004U3LE, B00001U07U, B0002NYVUA, B00004U3ST
B00004U3L9, B00009LZNE, B0001EMLKM, B00068OJAI
B00004U3ST, B0006GK8V4, B00001U07U, B0002NYVUA
B00004U3KU, B00063W0Q8, B000069BCU, B0006FUE78
B00004U3LC, B00067YN8M, 9881716179, B0006NX6LG
B00004U3LH, B00001O36O, B00023JJ8E, B00064VXR4
B00004U3KI, B0000WYVSA, B0006JGERI, B00066T3V0
B00004U3LG, B00065FZFE, B00012U0UC, B00023JJ8E
B00004U3M4, B00009OX7M, B0000AIXZC, B0000AIXZ9
B00004U3SF, B00004YV1S, B0000DCA2K, B0001VRWNG
B00004U3LF, B00023JJ8E, B00001U075, B00023JJ9S
B00004VWJW, B00004VWJH, B0002VG2QS, B0002VG394
B00004VWJH, B00004VWJW, B0002VG2QS, B0002VG394
B00004VWKY, B0002A7GK0, 9789816723, B0006846IS
B00004W1TN, B000069C5H, B00005Q4V7, B0006ABRWY
B00004WHFF, 8805003204, B0002GQNT4, B0000A9Y61
B00004WZSL, B000052189, B000089PRU, B0000DC7UY
B00004YT0A, B0006GK38M, B0002KSH12, B0002LT7HE
B00004YV1S, B00004U3SF, B0000DCA2K, B0001VRWNG
B0000501DU, B0006N8Y86, B00004TD6V, B000073GPK
B00004ZYD0, B0000E0IZ1, B0000727QQ, B0001BHE48
B000050696, B00006BSTB, B00012TL1Q, B00009PS2K
B0000507H9, B00004U3SF, B0000DCA2K, B0001VRWNG
B000050B0Q, B0001X2XB0, B00023JJJI, B0002CEXSQ
B000050YPU, B0000C7CCX, B0002OQEWM, B0002OQEXQ
B000051SES, B000051SEN, B000051SEP, B00005N9E2
B000051SEN, B000051SES, B000051SEP, B00005N9E2
B000051SEP, B000051SEN, B000051SES, B00005N9E2
B000051TSH, B0002FQUZM, B0000AMA9L, B0001YJ1B4
B000051TVB, B00004U1J7, B00068OJGW, B0000C7CCX
B000051ZHL, B00001U075, B00023JJ8E, B00004U3LF
B0000520I4, B00002243H, B00002243I, B0003WF1FY
B000052189, B00004WZSL, B000089PRU, B00023DCLY
B000052XTI, B0000A0BMO, B0002D0820, B0006A7YCG
B000052XTD, B0000782AN, B0002THT7Q, B0002XLWDY
B0000532P2, B0002JLQDE, B0002PEKU4, B00012NOZK
B0000535SI, B0003022K8, B0006N8ZSU, 1848572972
B000056QGK, 0000037214, 0000031887, 0123456479
B00005AV1L, B000069C5H, B00005Q4V7, B0006ABRWY
B00005BHKU, B000067PTB, B00004U34M, B000034DLD
B00005BHKS, B0000224VM, B0000722BF, B00009QB5V
B00005BT1B, B0006GKENG, B0006GKEOA, 8970469826
B00005BUTW, B00009LZNE, B00005LAE3, B00009ILZZ
B00005BUTU, B00009LZNE, B00005BUTW, B00005LAE3
B00005BWTP, B00009OX7M, B0000AIXZC, B00004U3M4
B00005BXF3, B0002T6FL2, B00069HAXK, B00030F3PO
B00005CATE, B0000AOE9O, B0002D8GMY, B00020Q700
B00005J340, B000073008, B00000K3SK, B00023JHP4
B00005JHK9, B00029R642, B0002Z85DC, 9789816723
B00005JHKO, B0000E3BT9, B00007FXEX, B0002IP7V2
B00005JHKE, B00009LZPL, B000051TSH, B00009OX83
B00005JHLG, B0002E3696, B0001PG2R4, B00005NP7D
B00005JHL3, B00064UTS8, B00064UTXI, B00005JHLG
B00005JSCD, B0000A9Y61, B000069BCV, B0000AI44G
B00005JSBK, B00004SQLQ, B0001MBJW0, B0000A92Q8
B00005KJXM, B00001U07B, B000069BCU, B0006FUE78
B00005KJXN, B00001U075, B0000A9Y1K, B00068OJAI
B00005KJXQ, B00001T8RT, B000069BCU, B0006FUE78
B00005LAE3, B00009LZNE, B00005BUTW, B00009ILZZ
B00005LDOF, B000067BJQ, B00004U3OE, B0000AI44G
B00005LILM, B00023JJJI, B0002CEXSQ, B0006GKF3A
B00005MFBT, B00005MFBU, B0002UQ4S0, B00068OJ44
B00005MFBU, B00005MFBT, B0006GBPXE, B0000TSILO
B00005N6ZM, B0002M9STK, B0002J4VMW, B0000C2TOF
B00005N9E2, B000051SEN, B00027FWYA, B0002TW624
B00005NBFG, B0000UIX2C, B0000UIWWS, B0000UIWXW
B00005NBFI, B0000C3DYD, B00005NBFG, B0002M1MVW
B00005NCBK, B000066689, B00005NCBT, B00064AE8S
B00005NCBT, B0002F6O30, B0002M3VQG, B0002M3VP2
B00005NP7D, B00009OX7R, B00001W0GC, B00009OX7M
B00005NT2Z, B0000ZFRS0, B00008IPZO, B0000891KV
B00005NVPA, B0002VSTKA, B00064VXR4, B0006GK6YS
B00005NVPK, B00064VXR4, B0006GK6YS, B0000CGHG7
B00005NWS1, B00069QQ44, 7503681888, B0001ANC72
B00005NZX3, B0002C6MZS, B00009OX7R, B00009OX7M
B00005OT8S, B0000AY373, B0000722AS, B00008ID0O
B00005OT8V, B0000TIJA4, B0002M9SDQ, B00021CAX2
B00005OT91, B00020J13U, B00020J12Q, B0002TVO4K
B00005Q3TW, B000096QJ9, B0006N8Y86, B00009ZIOU
B00005Q4V7, B00012K3UO, 6175001273, B000069C5H
B00005QEME, B00000K3SI, B00005U7S9, B00061NLA4
B00005QY08, B0001HK908, B00067M5OQ, B00065FWR0
B00005RE2T, B0002T5V8U, B0000CARF1, B0000CARF2
B00005RVNI, B0000YBMOO, B0000YBMLM, B0002T5V8U
B00005S7OU, B0000E2PC4, B0000AOEA4, B0000AX6DE
B00005TQI7, B0006D43FO, B00028A0V4, B00063G9E2
B00005U7S9, B00005QEME, B00000K3SI, B00061NLA4
B00005UT1U, B0000CCXWJ, B0002MI9VS, B0000TSILY
B00005V3Q0, B0000AMA90, B00001TPZJ, B00001T38R
B0000634SW, B0001NE51Q, B0000UIX18, B0000696OU
B000063KCE, B0000E0745, B0006I9JJ4, B000142SYQ
B0000640Y4, B000067R84, B00000K3SK, B00027IMCE
B0000643Q6, B0001HIT1Y, B0000C9ZD1, B0002UD438
B0000643Q9, B0000C9ZBE, B0000C9ZDM, B0000C9ZBY
B0000643Q8, B0002UD54Q, B0002UD546, B0001HIT0U
B000066689, B00064AE8S, B0001NEBQU, B0000DHVN0
B0000668BX, B0000668BV, B000630KBA, B0006899PS
B0000668BV, B0000668BX, B000630KBA, B0006899PS
B000066CMC, B0000E1YVK, B0000A62I5, B0002ZBR0K
B000067BJQ, B00005LDOF, B00023JJLQ, B00023JJ8E
B000067DP7, B000069C5H, B00005Q4V7, B0006ABRWY
B000067PTB, B00005BHKU, B00004U34M, B000034DLD
B000067POX, B00006C28H, B00000K3SK, B00023JHP4
B000067R5V, B0000668BX, B0006899PS, B000630KBA
B000067R84, B0000640Y4, B0002UTGVW, B00000K3SK
B00006886R, B0000AOEA2, B000072825, B0000AWQZC
B000068OAY, B0000E2PC4, B0000AX6DE, B000299UH8
B000068X4M, B0000YBOQ0, B0000YJ64M, B0000YBMOO
B000068ZVR, B0001YF4GK, B0002DRNNW, B00018MOO6
B0000696AU, B00023JJ8E, B00001TQ34, B0000731RO
B0000696BZ, B00009B1TA, B0000A420U, B00023JJ8E
B0000696C6, B00005JHL3, B0000696BZ, B00001TZYK
B0000696OT, B0000AMA9L, B00023JJ70, B00006BSTB
B0000696OU, B0000UIX18, B0000UIWVE, B0000UIWU0
B0000696OQ, B00004NKKE, B0002NZG4A, B0001TP21W
B000069BCV, B00001U07M, B00009LZRJ, B0000A9Y61
B0000696AQ, B0006I59NY, B0006I616I, B0000ANHRR
B000069BCU, B0006FUE78, B00023JJ8O, B0006JGEFU
B000069C5H, B00005Q4V7, B0006ABRWY, B0006D4TMQ
B00006AMC8, B0006L52II, B0000DYNEF, B0002TV5FI
B00006BSTB, B0000AMA9L, B000051TSH, B00023JJ70
B00006C28H, B000067POX, B0006L54AY, B00024QUCQ
B00006CFCY, B00001U07M, 6175001273, B00023JJ8E
B00006CFCX, B00023JJ8E, B00001TQ34, B000257LB4
B00006FWYU, B0006GK8UK, B0006GK8TQ, B0006GKFV2
B00006H6AZ, 0000037214, 0000031887, 0123456479
B00006I556, B00006I54X, B0000TW3WO, B0001DZDKS
B00006I54X, B0000TW3WO, B0001DZDKS, B00008BNXS
B00006I55K, B00006I54X, B0000TW3WO, B0001DZDKS
B00006I54Q, B00006I54X, B0000TW3WO, B0001DZDKS
B00006I596, B00006I597, B0002ZODJC, B00007FCI7
B00006I54J, B00006I54X, B0000TW3WO, B0001DZDKS
B00006I597, B00006I596, B0002ZODJC, B00007FCI7
B00006I551, B0001YF4EM, B0000UIVOW, B00006I54X
B00006I5Y5, B00006I5XR, B00006I5XZ, B0002291TW
B00006I5YG, B00020J13U, B0002TVO4K, B0000TIIS2
B00006I5XZ, B00006I5Y5, B00020J0D6, B00006J6U9
B00006I5U9, B000072XII, B0000224VM, B0000722BF
B00006I5YE, B0000C0SE1, B00020J16M, B0000TIJZY
B00006I5XQ, B0000TII0K, B0000TIIGY, B00020J0RW
B00006I5YC, B00020J13U, B0000TIJUY, B0002TVO4K
B00006I5XR, B00006I5Y5, B0002291TW, B00020J14E
B00006I5YQ, B0001P53KG, B0000TQJW4, B00020J13U
B00006IAA3, B00063AMMW, B00014DYNA, B00024QWGK
B00006J6UA, B00006J6U4, B00020J13U, B0002TVO4K
B00006J6U5, B00020J13U, B0002TVO4K, B0000TIIS2
B00006J6U2, B0000TQJW4, B0002VSPZY, B0006AAR3E
B00006J6U4, B00006J6UA, B00020J13U, B0002TVO4K
B00006J6U9, B00020J0D6, B00006I5XZ, B0000TQJH4
B00006J6U7, B00020J144, B0002HTW28, B0002M9RW8
B00006LPPS, B000078PFF, B00007DNKW, B00012UVPG
B00006LZYU, B00006M8BL, B00006LZXE, B00006M3I4
B00006M01Y, B0000DCA05, B0000DC7V7, B00018A8F8
B00006M328, B00006MIBT, B00006MIYL, B0000782AN
B00006M0HM, B00006MM6V, B0001CLR5O, B0001YROC2
B00006M8BL, B00006LZYU, B000643G2E, B0001CWNZM
B00006M4C4, B0000782AN, B0002XLWDY, B0006N2C1Q
B00006M4C7, B000643G2E, B0001CWNZM, B000643FUC
B00006M9F6, B00006M9CU, B00006M7NJ, B00008JQXM
B00006M00B, B00006M009, B0001X6CNA, B00006M7NJ
B00006M8NS, B00006M9CU, B00006M7NJ, B00006M9F6
B00006ME9C, B00006M6IH, B0001X6CNA, B0000APL09
B00006MFSO, B0001CWM58, B0000APM3T, B00006M1B8
B00006M7NJ, B00006M8NS, B00006M00B, B0001X6CNA
B00006M9CU, B00006M8NS, B00006M9F6, B0001X6CNA
B00006M6IH, B0001CX1OY, B00006ME9C, B0000APL09
B00006MM6V, B00006M0HM, B00006MMGZ, B00008KI66
B00006MIYL, B00006M2ZX, B00006MIBT, B00006M328
B00006LZXE, B00006M3I4, B00006LZYU, B0000DC7QB
B00006MN51, B00006MKXV, B0000ZFN16, B0001F35NI
B00006MMGZ, B00006MK0K, 9789810474, B0000APL09
B00006M2ZX, B00006MIYL, B00006MIBT, B0000782AN
B00006MKXV, B00006MN51, B0000ZFN16, B0001F35NI
B00006M46Z, B00006MN51, B0000ZFN16, B0001F35NI
B00006MKT8, B00006MN51, B0000ZFN16, B0001F35NI
B00006M009, B00006M00B, B0001X6CNA, B00006M7NJ
B00006MIBT, B00006MIYL, B00006MKT8, B00006M328
B00006MK0K, B00006MMGZ, 9789810474, B0000APL09
B00006MPRP, B0001X6CNA, B00006M8NS, B000089KR5
B00006M1B8, B0001CWM58, B0000DC7TQ, B0002N406K
B00006M5HL, B00006MDHL, B0002SSCF0, B00004R904
B00006NQ0N, B0002VML9A, B00008JXM6, B00006MPRP
B00006MVYA, B00006MN51, B0000ZFN16, B0001F35NI
B00006M4B1, B00006MN51, B0000ZFN16, B0001F35NI
B00006MDHL, B0001CX1DU, B00006M5HL, B0002SSCF0
B00006M3I4, B00006UD17, B00006LZXE, B00006MDHL
B00006UKTW, B00006M5HL, B00006MDHL, B0002SSCF0
B00006UD17, B00006M3I4, B0002Y5MB6, B00006LZXE
B00006Y5EN, B0006LBXSQ, B0006LBXTK, B0006LBXTU
B00006XXGO, B0001X2NOC, B000072UML, B0001Y8YK8
B000071JZK, B0000ASIXE, B00009V195, B000072GE5
B0000722W4, B00008VS5S, B0000ANC7S, B00019RCH4
B0000722AS, B0000722DD, B00008ID0O, B0000AT7GG
B0000722DD, B0000722AS, B00008ID0O, B0000AT7GG
B0000727P4, B0006MRBXQ, B000072GE5, B00069V8VK
B00007267B, B00018A8SU, B0000AWIBB, B0000AWIF4
B000072YHL, B0002THW5A, B00065G13E, B0002E477G
B000072825, B00008BS4F, B0000AWQZC, B0002L4ASU
B0000727V4, B0002XSNWW, B0000ACXKB, B0000AF46V
B000072XII, B00006I5U9, B0006I9QGU, B0006I9LCY
B000072X7L, B0001B97IY, B0006GKEOA, B0006NU6M8
B0000728E3, B0000728B3, B0000728DN, B000072G8G
B000072G8I, B00014FY56, B000086M68, B0001I0CBS
B000072SJ2, B0001WCCQM, B000072SII, B0000728OW
B000071X5Q, B0000868C8, B0000APPRP, B00023DCM8
B00007282M, B0002MAPYC, B000074ZOO, B0000727QQ
B0000728DN, B0000728E3, B000072G8G, B000086M68
B000072S0Z, B0000722AS, B00008ID0O, B0000AT7GG
B0000728B3, B0000728E3, B0000755EF, B0000728DN
B0000730FO, B00014DZF2, B00011TNME, B000072X6P
B0000722HQ, B0002YISHQ, B0000728OW, B0001WCCQM
B000072XY6, B0000B35DG, B0000BUWJZ, B0002CVO56
B0000722QT, B000203LLS, B0002MAPYC, B000074A7G
B000072GE5, B00069VDRO, B0002995PA, B0000753S2
B000073249, B000073258, B000073250, B00005OT8S
B000072ZCI, B0001F32UO, B0006I9Y80, B0006I9X0Y
B000072XRF, B0002KZSMS, B0006MT9NQ, B0001KHZZW
B000072X6M, B000072X6P, B0000730S0, B00004WHFF
B0000731JZ, B00024P8CE, B0000731JO, B0000731I8
B0000728OW, B00004SR94, B00007ARBJ, B000087YSW
B0000730S0, B0001NLN1G, B0001NLND4, B0001NLRBM
B000072G8G, B0000728DN, B0000728E3, B0000ESSVN
B000073008, B00005J340, B0006ICLGW, B0006ICKZ4
B000073250, B000073249, B000073258, B0002MIVAM
B0000733CY, B0001FF9VO, B0006I9QGU, B0006I9LCY
B0000732VG, B0006DNLM0, B00067U2T6, B0000C6BO2
B0000733D7, B0000733DM, B0002X50JG, B0000224VM
B000074A7G, B0002ZCECU, B0002TVB70, B000087YSU
B0000727QQ, B0002F0846, B0000E0IZ1, B0000E0YPU
B000074ULT, B0006965JA, B0002995PA, B000072GE5
B000074Z75, B0000AL75G, B0001SYM46, B0000753S2
B000074UOI, B00008ID0Q, B0002TOYTW, B0002Z833O
B000072GXB, B0002BVGGO, B00067U5XE, B000087WJH
B0000731I8, B0000731IP, B0000YWCRU, B0000731JO
B0000731J1, B0000731JO, B00024P8CE, B0000731JZ
B000074RLG, B0000722AS, B00008ID0O, B0000AT7GG
B0000751WW, B0006H2GM2, B000073GPK, B00008XNMS
B0000733QW, B0001NLTR4, B00000K3SL, B00023GGZI
B0000731RO, B00009TD4D, B0002Y7V9M, B000072YV5
B000074F47, B00004SRB3, B000308MWU, B0004MZO6E
B000072SII, B000072SJ2, B0001WCCQM, B0000728OW
B000074L72, B000074L69, B0001MAQGK, B000087WJH
B0000755V2, B000074ZE1, B000086M15, B0002XSNWW
B0000755EF, B0000728B3, B0000728DN, B0000728E3
B00007498E, B000086PVY, B000072GE5, B00069V8VK
B0000733DM, B0000733D7, B00062BI9Y, B0000224VM
B000074ZOO, B000093AU1, B00009PPHY, B0002ZBR0K
B000074RLB, B000074RL3, B000147UNU, B000074RLG
B000074ZE1, B0000755V2, B0000ERYHJ, B00018JX68
B000074RL3, B000074RLB, B000147UNU, B000074RLG
B0000722BF, B0000224VM, B000087YSU, B00009QB5V
B0000731IP, B0000731I8, B0000YWCRU, B0000731JO
B000073GPK, B00004TD6V, B00065JZSW, B00021NDQ0
B000074L69, B000074L72, B000087WJH, B0001MAQGK
B000074XUL, B00066TWMU, B0000C07XF, B0000DDQD7
B000073258, B000073249, B000073250, B000078QPK
B000072UML, B000072UN4, B0001X2NOC, B00006XXGO
B0000730WO, B000072G8G, B0000AOFOS, B0000ESSVN
B00007554J, B0002XSNWW, B0006GBHYQ, B00018JX68
B000072UN4, B000072UML, B0001X2NOC, B00006XXGO
B0000749CN, B0002ZBR0K, B0002ZCECU, B000696WIO
B0000753S2, B000086VUR, B000074Z75, B0001SYM46
B000074FCW, B00069V8VK, B00008XNMS, B0000AF46V
B000072X6P, B000072X6M, B0000730FO, B0000224VM
B000072G20, B0000DZKP6, B000661RC8, B0000APK5V
B0000731JO, B00024P8CE, B0000731JZ, B0000731I8
B0000722HK, B0002REM50, B0006LZRA6, B0000ANHRR
B000072UN1, B000072UML, B0001X2NOC, B00006XXGO
B000074Q56, B0000TSQ8O, B0002LDVRG, B0000TSILE
B000072YV5, B0000C6ASJ, B00029R84K, B0006GBPXE
B000072UMJ, B000072UML, B0001X2NOC, B00006XXGO
B000073TM3, B0000AFSX4, B0002RDYMC, B00009WM7J
B00007827Q, B0006ABRWY, B0006D4TMQ, B0006D4U2A
B0000782AN, B0002XLWDY, B0006FKFEU, B00006MKT8
B0000789TN, B0001JUJ6K, B0000TIJDG, B0000TIJE0
B000078QK1, B000078QJV, B0006NI6GQ, B000078QJM
B000078QJM, B000078QJP, B000078QJV, B000078QK1
B000078QPK, B00012FFN4, B0000CNR0O, B00012FFKM
B000078ORA, B000078OOH, B000078OSM, B000078RVN
B000078OSM, B000078ORA, B000078OOH, B000078RVN
B000078PFF, B00012UVPG, B0000YWJRI, B0002SRZ4Y
B000078R4F, B00067U3ZY, B00024VUY4, B00014NGF6
B000078QJV, B000078QK1, B000078QJM, B000078QJP
B000078OOH, B000078ORA, B000078OSM, B000078RVN
B000078RVN, B000078ORA, B000078OOH, B000078OSM
B000078RVS, B00007AUZR, B00027ULF0, B0001ZQKSK
B000078QWP, B0002EPCRA, B00002243I, B0000730FO
B000078CYM, B00023RRC4, B00000K3SL, B00023RRAG
B000078WXO, B00019FWE4, B0006L52II, B000051SEN
B000078QY6, B00061NHXA, B00069FVY0, B0002DFLGS
B000078QJP, B000078QJM, B000078QJV, B000078QK1
B000078QZN, B00009OX7M, B0000AIXZC, B00004U3M4
B000078P9Q, B00008VRNY, B0001YR8T6, B00026UM5A
B000078R72, B00007AROH, B0001NLP78, B0001NLTHE
B000078R6Y, B00012UVT2, B0000YWJRI, B00008MZQW
B000079NGZ, B00018A704, B0001W0U5C, B00021FV24
B00007AROH, B00007AS82, B0000CGHG7, B00023DIVI
B00007AQH7, B00021YMOM, B0000AOY3S, B00008MZQW
B00007AU5O, B0001NLP78, B00007AROH, B0000C6AZ2
B00007ARBJ, B00004SR94, B0000728OW, B0000E67FI
B00007AUZR, B00027ULF0, B000078RVS, B0001ZQKSK
B00007AS82, B00007AROH, B0000CGHG7, B00023DIVI
B00007DN11, B00007JDQV, B00006I54X, B000084T3E
B00007DNKW, B0000722AS, B00008ID0O, B0000AT7GG
B00007E7KA, B00006I54X, B0000TW3WO, B0001DZDKS
B00007FBJM, B00007FBK0, B0000BZZ2N, B0000BZZ2M
B00007FBK0, B00007FBJM, B0000BZZ2M, B0000BZZ2O
B00007FB75, B00007FCI7, B0000C85PP, B0000224VM
B00007FCLC, B00007FCLF, B00007FQ54, B00007FQ8W
B00007FCLF, B00007FCLC, B00007FQ54, B00007FQ8W
B00007F8PO, B00009OX7M, B0000AIXZC, B00004U3M4
B00007FCI7, B00007FCI1, B0000AWZ4C, B0002LIA1S
B00007FCI1, B00007FCI7, B0000AWZ4C, B0002LIA1S
B00007FFI2, B00007FFLA, B00007GNHM, B00007GI85
B00007FFMJ, B0000ESH0Z, B00007FQWY, B0002XM0M6
B00007FFLE, B0006696D0, B0002VRT6K, B00023K9C4
B00007FFLA, B00007FFL9, B00007FFI2, B00007GNHM
B00007FG0N, B0000BYA42, B0000BXG2P, B0002VRT3I
B00007FFIK, B00014RKQ2, B00007FR13, B00007FPR3
B00007FFL9, B00007FFLA, B00007FFI2, B00007GNHM
B00007FFZR, B00023JU88, B0002XP1O0, B0002YDUS8
B00007FFM1, B0000ESGMI, B0000BVF20, B00007FRKV
B00007FPTG, B0000BY88U, B0002KQQ60, B0000W57JM
B00007FQ8W, B00007FCLC, B00007FQ54, B0002J7NM2
B00007FQI8, B00062QXWQ, B00023JUUG, B00023JQ2I
B00007FQL7, B0000AOX29, B0000AOX3C, B0000AOX2P
B00007FQ54, B00007FCLC, B00007FQ8W, B00007GE43
B00007FRHK, B0000VRY1C, B00007LXM0, B00007FQNR
B00007FQTZ, B0002HTQ7O, B00007GK0Y, B00007GIJD
B00007FPNN, B00023XGVU, B0000AOX1Z, B0006696AS
B00007FPR3, B00007FR13, B00007FFIK, B00014RKQ2
B00007FQNR, B0000VRY1C, B00007FRHK, B00007LXM0
B00007FR13, B00007FFIK, B00007FPR3, B00061RGDW
B00007FQWY, B0000DZ5HA, B00007FFMJ, B0006H6DKS
B00007FRKV, B00061FC24, B00023JQ32, B0000WWTKM
B00007FQM1, B00007FFMJ, B0000B35DG, B0000BUWJZ
B00007FXEX, B0000E3BT9, B0000BXA7N, B0002UNLZO
B00007FPTE, B0000BUWTU, B00023K122, B00026RGL8
B00007GDAG, B00021NY2S, B00007GD9I, B00007GDFX
B00007GDA7, B0001FF80G, B0001FF824, B0001FF81K
B00007GDFX, B00007GD9I, B00007GD9W, B00007GDAL
B00007GFBX, B00007GGMS, B00007FFIK, B00007FR13
B00007GDIR, B0000AWUXF, B000072GE5, B0000ASIXE
B00007GE43, B0002UJJ00, B00007GI7E, B0006FTGPY
B00007GD9R, B00007GDBC, B0006I9YWG, B00006LZYU
B00007GIQ1, B0002J7NM2, B0002J87W2, B00007FCLC
B00007GIQP, B0000B35CI, B0000722AS, B00008ID0O
B00007GFPP, B0006N23YW, B0006LTWCK, B0002VRT4M
B00007GI85, B0000B35EA, B00007GGN2, B00007FFI2
B00007GDD3, B0006I9YTO, B0006M4L4S, B00007GD8Z
B00007GIYZ, B0006JDKDO, B00064USK2, B0002BRY4W
B00007GEJS, B00028MCF6, B0001KOBJ0, B0000E1MGG
B00007GDBC, B00007GD9R, B0006I9YVW, B00007GD9W
B00007GG6G, B00062DRIY, B0002CVN6Q, B0000E1VVX
B00007GL50, B00012NT4Q, B0006GK5XK, B0002V22A8
B00007GD8Z, B00007GD8X, B0006I9YTO, B00007GDD3
B00007GDAL, B00007GD9I, B00007GDFX, B00007GD9W
B00007GDAM, B00007GD87, B0001FF80G, B0006M4L4S
B00007GIGI, B0002JLQDE, B0002PEKU4, B0000BUWEB
B00007GDB2, B00007GDAM, B00007GD87, B000078P9Q
B00007GJLE, B00012B5JM, B00012NZ4U, B00026SOOG
B00007GKNL, B00007GGMS, B00007FQ8W, B00007FRKV
B00007GD9I, B00007GDG5, B00007GDFX, B00007GD9W
B00007GK0Y, B00007GIJD, B00007FQTZ, B0000TIJ7C
B00007GD8X, B00007GD8Z, B0006I9YTO, B00007GDD3
B00007GFC5, B00008NFH5, B0000A7EQM, B00062QXWQ
B00007GF2O, B00007FFIK, B00014RKQ2, B00007FFI2
B00007GG0U, B0002TA1VM, B00023JU6K, B00023JRX6
B00007GNHM, B0000AZ14W, 9789816723, B0006846IS
B00007GLS2, B00007GLRT, B000126XPS, B00017X4HI
B00007GLIK, B00009MEYG, B00012B5JM, B00007GJLE
B00007GJXO, B0001BN4A6, B0000WWTY8, B00014RKQ2
B00007GD9W, B00007GD9I, B00007GDFX, B00007GDAL
B00007GGN2, B00007GGMS, B00007GI85, B0000AZ10I
B00007GN57, B00007GMVS, B00027Z2NG, B00020V2IW
B00007GDDF, B0006M4L3O, B00064KAOQ, B00021NY2S
B00007GMVS, B00007GN57, B0001BN4A6, B0000WWTY8
B00007GGMS, B00007GKNL, B00007GGN2, B00007GNHM
B00007GD87, B00007GDAM, B0001FF80G, B0000DC98Y
B00007GI7E, B00007GE43, B0002J7NM2, B0002J87W2
B00007GN7E, B00029I0WO, B0002MFHHW, 245600258X
B00007GLG5, B0006L8BQ8, B0002EBJ6I, B00023K9EC
B00007GI7K, B0000CDVVA, B00023JSDU, B0000AS51L
B00007GI2W, B00012AX36, B00023XGTC, B0000AOX1X
B00007GDG5, B00007GD9I, B00007GDFX, B00007GD9W
B00007GLRT, B00007GLS2, B0002Z7NI0, B00012AF20
B00007GIJD, B00007GK0Y, B0002FC9KC, B00007FQTZ
B00007I2S7, B0000AX1MB, B00028NXCM, B0002TRR2I
B00007IB8B, B00018AA7O, 9789806442, B00007I6VN
B00007IBH0, B0006BHRZ4, B00009ZL5A, B000078P9Q
B00007ICAB, B00002N7X0, B0001YRV6G, B0001YRWE2
B00007IAX3, B00009ZL5A, B0000CGHG7, B00023DIVI
B00007ICGD, B000284X4O, B0002CKFQU, B0002CKD58
B00007I6VN, B00018AA7O, 9789806442, B0002GIVHQ
B00007ICM8, B00007ICLW, B00007ICLQ, B0006HTWRE
B00007IASP, B0002CKD58, B000284X4O, B0002CKFQU
B00007ID06, B00009OX7M, B0000AIXZC, B00004U3M4
B00007ICLW, B00007ICM8, B00007ICLQ, B0006HTWRE
B00007ICLL, B00007IGQB, B00007ICM8, B00007ICLW
B00007I2S3, B0000AX1MB, B00028NXCM, B0002TRR2I
B00007IARN, B00006M1B8, B000078P9Q, B00008VRNY
B00007IH0K, B0000E09WG, B0006FUE6E, B00013KR5O
B00007IC95, B0000224VM, B0000722BF, B00009QB5V
B00007IGQB, B00007ICLL, B0000APPQG, B00007ICLQ
B00007IH6B, B00018A85S, B0000224VM, B0000722BF
B00007ICLQ, B00007ICM8, B0000APPQG, B00007ICLW
B00007ITTZ, B0006LPXYQ, B0000UV9ZK, B0006MIMTI
B00007IVVR, B0000864CZ, B00008677B, B00009N7Y9
B00007JDQV, B00007DN11, B00064VRMA, B00006I54X
B00007JKAP, B0000ZU38E, B0000DZ5IM, B0002TGAEY
B00007JTZ7, B0006JCIFK, B0002X3048, B00020OEGO
B00007JU0D, B0002HS1JI, B0002TOYSS, B0002TVZMG
B00007KQDU, B000052XTI, B0000867QZ, B0006A7YCG
B00007KQDS, B0002IPIHK, B00007KQDT, B0006ITGCY
B00007KQDT, B0000E5J6W, B0000722AS, B00008ID0O
B00007LXDM, B00007FCLC, B00007FQM1, B00007FQ54
B00007LXM0, B0000VRY1C, B00007FRHK, B0002KID7U
B00007LWT0, B0002654S0, B0002IBKQ8, B0006HAJCQ
B00007LVZ1, B0000AKOZH, B00062DRIY, B0002CVN6Q
B000083KCF, B00005QY08, B0001HK908, B00067M5OQ
B000083KCK, B00067KRVO, B00005QY08, B0002Y6AQW
B000084T3E, B00065FWRA, B00006I54X, B0000TW3WO
B000085J09, B0000UTA2E, 9822502885, B00027SQM0
B000085HZM, B0000TQJW4, B0001ANH7W, B00011R61E
B000085J15, B00021YU2Q, B00009X49Z, B0000E09WG
B000085HZL, B0000224VM, B0000722BF, B00009QB5V
B000085PT8, B00067WMUI, B0002IROD6, B00064A78K
B00008621R, B0000861YL, B0006IXFVM, B000643A1Q
B0000861G2, B0000866JI, B00008668E, B0000863DJ
B0000862CH, B0006I8GD4, B0006I8GES, B0000862XJ
B0000861GT, B0000ZCAG2, B0002KWZ4M, B0000ATBXV
B0000861CQ, B00067U3ZY, B0000867MX, B0006NDBNO
B0000862XJ, B0000862Y7, B0000861SN, B0002B6OTS
B0000863UE, B0000863V8, B0000864JU, B000144XOY
B0000862YE, B0000ABP6O, B0000865K5, B0000224VM
B0000862FI, B0006I3MZG, B0001455AU, B0006I7I0Q
B0000863V8, B0000863UE, B0000864JU, B000144XOY
B0000862FO, B000086279, B0000862Q1, B000144N6M
B00008624K, B000086223, B0002LI7AW, B0006L2ZNI
B000086393, B00068VDQG, B0001QHWOK, B0001BUK9O
B0000864RQ, B00009Z707, B00009Z70E, 9629558424
B0000861KX, B0002IPHTO, B00009XO58, B000147FQM
B0000861YL, B00008621R, B0001455AU, B0006I993U
B0000865TX, B0000865UK, B0006IXB34, B0006IXC42
B0000866JI, B00063327E, B0002L01YC, B0006IBDQ6
B000086279, B0000862Q1, B000144N6M, B0000862FO
B0000865IZ, B0000865II, B0000ZFHAI, B0000ZFH2G
B0000865K5, B0000ABP6O, B0000862YE, B0006L2ZNI
B0000864X2, B0000864W0, B000147634, B0006DNLM0
B0000862Y7, B0000862XJ, B0000861SN, B0002B6OTS
B0000865UK, B0000865TX, B0006IXB34, B0006IXC42
B0000863AS, B0002IPIHK, B0006L2W04, B0006I616I
B000086223, B00008624K, B0002LI7AW, B0006L2ZNI
B0000862Q1, B000086279, B000144N6M, B0000862FO
B0000865VS, B0002KWZ4M, B0000867TM, B0006L51N4
B0000864R1, B0006I8D3M, B0006I8AZI, B0000864HG
B0000866G8, B0000722AS, B00008ID0O, B0000AT7GG
B0000867MX, B00067U3ZY, B0000861CQ, B00004SR9S
B0000864JU, B000086910, B000144XOY, B0000863V8
B0000867QZ, B000052XTI, B0000E5J6L, B00007KQDU
B0000865SC, B0000865TX, B0006IXB34, B0006IXC42
B0000868OA, B0000868O4, B0001464OQ, B0001464IW
B0000865YX, B0000861G2, B0000869QI, B00006I596
B0000867GG, B0000867GW, B0002ZQZRK, B0000ZFHAI
B00008668E, B0000A0BMO, B0006B5FF8, B0006B5GL6
B00008673Z, B000086785, B0001CYJP4, B000052XTI
B0000868O4, B0000868OA, B0001464OQ, B0001464IW
B00008677B, B00008677F, B0000864CZ, B00007IVVR
B0000867GW, B0000867GG, B0002ZQZRK, B0000ZFHAI
B000086211, B00008624K, B0002LI7AW, B0006L2ZNI
B00008673G, B0002LI70C, B0000867Y0, B0000722AS
B0000867AN, B00008695M, B0002DG7ZM, B0002DG80Q
B0000862MQ, B00014HCUQ, B0000224VM, B0000722BF
B0000867O5, B0000865YX, B0000CGHG7, B0000AS533
B0000867ON, B0000ZFJ7Y, B0006GHOAC, B0000TW2B6
B0000864HG, B0006I8FM6, B0006I8GES, B0006I8AZI
B0000865II, B0000865IZ, B0000ZFHAI, B0000ZFH2G
B0000867Y0, B00011N3QG, B00008673G, B0000866BV
B0000864W0, B0000864X2, B000147634, B0006DNLM0
B00008659Q, B0000722AS, B00008ID0O, B0000AT7GG
B0000868G2, B0000868FZ, B0000868O4, B0000868OA
B0000866BV, B00011N3QG, B0000869RA, B000655TUA
B0000863DJ, B0000722AS, B00008ID0O, B0000AT7GG
B0000868SR, B0000868SP, B0002V3978, B0002Z1JQW
B0000864CZ, B00008677B, B00007IVVR, 7482782028
B0000861QF, B0000861QQ, B0000722AS, B00008ID0O
B000086910, B0000ZDSDG, B0000864JU, B0000868O9
B0000865AN, B000086279, B0000862Q1, B000144N6M
B0000869RA, B0002LI70C, B0000722AS, B00008ID0O
B0000865HP, B0006I48RM, B0006I5PL0, B0000862FI
B0000868C8, B000071X5Q, B00023DCM8, B0006DNLM0
B0000868SP, B0000868SR, B0002V3978, B0002Z1JQW
B00008677F, B00008677B, B0000864CZ, B00007IVVR
B0000866FH, B0000A0BMO, B0006B5FF8, B0000868RU
B0000868O9, B0000ZDSDG, B0006L2ZNI, B0001LMRWM
B0000868FZ, B0000868G2, B0000868O4, B0000868OA
B000086778, B00008677B, B0000864CZ, B00007IVVR
B0000861SN, B0000862XJ, B0002B6OTS, B0006ITD6I
B0000865IE, B000147LL6, B0006I5MJK, B0006L31EK
B0000861QQ, B0000861QF, B0000722AS, B00008ID0O
B0000867TM, B0000865VS, B0002KWZ4M, B0006L51N4
B0000867ME, B0002B6OTS, B0006ITD6I, B0000862XJ
B0000868SW, B0000CBXEA, B0000CBXI3, B0001Y3O44
B00008695M, B0000867AN, B0002DG7ZM, B0006JALEU
B0000863EP, B00066ZT72, B00008IK89, B0006L4WCA
B00008681R, B0000722AS, B00008ID0O, B0000AT7GG
B000086785, B00008673Z, B0001CYJP4, B000052XTI
B0000868NQ, B000147990, B00014766G, B0000ZE9N4
B0000868RU, B0002M05EM, B0000866FH, B0002LK5B6
B0000869QI, B0000869QL, B0000ERMEH, B000148I0E
B000086M15, B0000755V2, B000074ZE1, B00007554J
B000086M68, B0000728DN, B0000728E3, B000072G8G
B000086PVY, B00007498E, B000072GE5, B00069V8VK
B000086NYY, B00008EDTZ, B00009N42W, B00008NQAG
B000086VUR, B0000753S2, B000074Z75, B0001SYM46
B0000869QL, B0000869QI, B0000ERMEH, B000148I0E
B000086Q9O, B0001X2RBG, B0002A6TQ2, B0006965JA
B000087QPM, B0000TSIKK, 7503681888, B0000TSIMI
B000087YSU, B0000224VM, B0000722BF, B00009QB5V
B000087WJH, B000072GXB, B000074L69, B000074L72
B000087YSW, B00004SR94, B0000728OW, B00007ARBJ
B0000891KV, B0000891KP, B0000891IO, B0000ZFRS0
B0000891KP, B0000891KV, B0000891IO, B0000ZFRS0
B0000891IO, B0000891KV, B0002LIA7W, B00008IPZO
B0000891K0, B0000891KV, B0000891IO, B0000ZFRS0
B000089JLV, B0002TSXL2, B0000APPQG, B0002X4HJU
B000089KR5, B00008JXM6, B00006MPRP, B0002E47CG
B000089PRU, B00004WZSL, B000052189, B0000DC6M9
B000089YAK, B00000IG4O, B0006ABRWY, B0006DN7Q0
B00008AALU, B00008IPCG, B0000V98S4, B00008IPN0
B00008AASS, B00008IPM1, B000147PL2, B0002TBQP2
B00008BNXS, B00006I54X, B0000TW3WO, B0001DZDKS
B00008BS4F, B000072825, B0000AWQZC, B0002L4ASU
B00008DGWB, B00066T5IQ, B0001ZO3TI, B0006LPK3K
B00008DH0J, B0002Z80JG, B00066R8UI, B0000224VM
B00008DHC2, B0006HGUKG, B0006HGUGK, B0006DNLM0
B00008DXUS, B0006LPKQ2, 1564518620, B0000224VM
B00008E2H3, B0000ZD04S, B00030CKXW, B000071X5Q
B00008E2TR, B000668ABY, B00018AA7O, 9789806442
B00008E2ZC, B00008E30D, B0000ZEB9G, B0000ZECF4
B00008DXM0, B0000A420U, B00023JJJS, B0006N5MY0
B00008E27B, B00064AIGQ, B00009ETPV, B00008E27S
B00008E2OQ, B00008I8T0, B0000ALK7Z, B0006NMCCA
B00008DWWM, B00009X49Z, B00008Q0AZ, B000085J15
B00008ECKG, B00008ECMN, B0000EZ9NO, B0001NPWOU
B00008ECMV, B0000E5J6W, B0000722AS, B00008ID0O
B00008ECMN, B00008ECKG, B0000EZ9NO, B0001NPWOU
B00008ECMQ, B00008ECKG, B0000EZ9NO, B0001NPWOU
B00008E30D, B0000ZEB9G, B00008E2ZC, B0000ZECF4
B00008ECMH, B00008ECKG, B0000EZ9NO, B0001NPWOU
B00008EDTZ, B000086NYY, B00008NQAG, B0002OULXK
B00008E27S, B00008E27B, B00064AIGQ, B00009ETPV
B00008ECMG, B00008ECKG, B0000EZ9NO, B0001NPWOU
B00008ECL5, B00008ECKG, B0000EZ9NO, B0001NPWOU
B00008I8YM, B0000ZCB7U, B0006M7W3U, B0006MT8LE
B00008ID12, B00008ID18, B00008ID14, B00008ID0B
B00008ID18, B00008ID12, B00008ID14, B00008ID0B
B00008ID0O, B00008ID0Q, B0000722AS, B00008ID14
B00008ID14, B0000722AS, B00008ID0O, B0000AT7GG
B00008ID1O, B00008ID1S, B00008ID39, B00008KI3U
B00008ID39, B0000722AS, B00008ID0O, B0000AT7GG
B00008ID0L, B00008ID0O, B00008ID0Q, B00008ID1O
B00008ID0Q, B00008ID0O, B000074UOI, B00008ID0B
B00008ID3A, B0000722AS, B00008ID0O, B0000AT7GG
B00008I8T0, B00008E2OQ, B0006NMCCA, B0000EZ9SY
B00008ID0B, B000074UOI, B00008ID0Q, B0002TOYTW
B00008ID28, B00009XEEH, B0006LO0EK, B0006N2C52
B00008ID0M, B00008ID0L, B00008ID0O, B00008ID0Q
B00008ID1S, B00008ID1O, B00008ID39, B00008KI3U
B00008ID15, B00008ID12, B00008ID14, B00008ID0B
B00008ID1A, B0000722AS, B00008ID0O, B0000AT7GG
B00008IK89, B00066ZT72, B0000ZE7G8, B00066N3H0
B00008IKIR, B0000ZET52, B0000ZESGM, B00008IKJ1
B00008IM8U, B0000TIIC8, B0000TII8C, B0000TIIFK
B00008IM8T, B0002M9T3K, B00062LAFG, B00062LAG0
B00008IEUW, B0002IPIHK, B00007KQDS, B0002ZOQZ8
B00008IKJ1, B0006I3O9A, B0006I3YIG, B0006I3SEQ
B00008IOHR, B0002FZRDI, B0002FZPLM, B0006MRGPY
B00008IPRU, B00066VSJA, B0000ZFHJY, B0002LICNO
B00008IQ2F, B00008IQ1G, B0000891KV, B0000891IO
B00008IRUB, B0001OGKB8, B0000ZEGX2, B00008IRN5
B00008IPZO, B0000891IO, B0002LIA7W, B0000891KV
B00008IQ1G, B00008IQ2F, B0000891IO, B00008WICM
B00008IPCG, B00008AALU, B0006GXGTK, B000289LUK
B00008IRPN, B0000ZC86E, B0006LZRA6, B00067QNXA
B00008IRN5, B00008IRUB, B0000ZEGX2, B0000ZEHJK
B00008IOM0, B000148ENU, B000148EDU, B00061ROK2
B00008IPM1, B00008AASS, B000147PL2, B0000DZJMH
B00008IPN0, B0000AVDNE, B0000C2QZX, B0001ZO3YI
B00008IM8Q, B00005OT8S, B0002M9RXM, B00021BWJU
B00008IPW4, B0000ZFN16, B0000ANHRR, B0000ZFMZS
B00008J1DE, B00004WHFF, B0002TQXFK, B0001J3Z2A
B00008JRDY, B00008JP7C, B0002V9WKQ, B00008JQXJ
B00008JTB0, B00008JTOR, B00008JPSN, B00008JYC2
B00008JQXJ, B00008JX3B, B00008JYC2, B00008JPSN
B00008JPSN, B00008JTOR, B00008JQXJ, B00008JYC2
B00008JP7C, B00008JXRT, B0002V9WKQ, B00008JX3B
B00008JQXM, B00006M9CU, B00006M9F6, B00006M7NJ
B00008JYC2, B00008JX3B, B00008JTOR, B00008JQXJ
B00008JXRL, B00008JXRT, B0002V9WKQ, B00008JP7C
B00008JX3B, B00008JYC2, B00008JQXJ, B00008JTOR
B00008K1OX, B0000C053C, B0000TIJZY, B0000TIJW2
B00008JXRT, B00008JXRL, B00008JP7C, B0002V9WKQ
B00008JXM6, B000089KR5, B00006M6IH, B00006MPRP
B00008JTOR, B00008JPSN, B00008JYC2, B00008JTB0
B00008K00R, B0002HS1JI, B0002TOS8Y, B0002TV2RY
B00008KFQJ, B0006L2ZNI, B0001455AU, B0000ZDSDG
B00008KH9C, B0006FJNWA, B0006FJNT8, B000632Z5O
B00008KI66, B0000722AS, B00008ID0O, B0000AT7GG
B00008KI3U, B00008ID1O, B00008ID39, B00008ID0L
B00008KZ9R, B0001I0CBS, B0006H1LBE, B00009UXG6
B00008LUTK, B0002LK5B6, B0006GHOAC, B00008LUSF
B00008LUS5, B0002TVO4K, B00020J0ZY, B000090MH1
B00008LUVX, B0001I0CBS, B0002NH3SW, B0000E0166
B00008MN6O, B0000YADB2, B0006G82BC, B00008NMK1
B00008MN6Q, B0002KU8VE, B0006L2ZNI, B0000722AS
B00008MN68, B0006L2ZNI, B0006B5GL6, B0006B5GKC
B00008MNJX, B00008MNF6, B0001477C4, B000146WFC
B00008MNF6, B00008MNJX, B0001477C4, B000146WFC
B00008LUSF, B0001Q2X6M, B00023DDRW, B000052XTI
B00008MZG8, B00008MZG7, B0002CAE70, B0002CAE4I
B00008MNSQ, B000148A9I, B0006MRGPY, B0002UE3EC
B00008MORY, B0002TI4VG, B00008LUSF, B0002TI3DU
B00008MZQW, B0000YWJRI, B00012UVT2, B000078R6Y
B00008MZG7, B00008MZG8, B0002CAE70, B0002CAE4I
B00008NFH5, B00008ZFUZ, B0000A7EQM, B00007GFC5
B00008NFJ9, B0006LK2F6, B00031TW6E, B00008NFH5
B00008MZJS, B0000E62WB, B0002SRYT0, B0000E62W9
B00008NMK1, B0001XPC9A, B00008MN6O, B0000ATLNL
B00008NRFB, B00025O40K, B0002M595C, B0001M3UWW
B00008NQAG, B00008EDTZ, B000086NYY, B0001BHE48
B00008ODBE, B00005JSCD, B0000CGHG7, B0000AS533
B00008OD6B, B00008KI3U, B0000ALX7Q, B0000ZDVQA
B00008OLIS, B00009QOQ1, B00009PS2E, B00009OXE8
B00008OLDT, B00008NFH5, B0000A7EQM, B00007GFC5
B00008Q0AZ, B00008DWWM, B0002KWZ4M, B0002NTCAO
B00008RJPU, B0002KWZ4M, B0000ATBXV, B0000ZFMZS
B00008RSAZ, B00068VDQG, B0001QHWOK, B0001BUK9O
B00008S303, B0002TUYAU, B000072GE5, B0000C4A7S
B00008S83F, B0001FF90A, B0006I9QGU, B000051SEN
B00008SCRB, B0000A1C9R, B00062IMF2, B0000E0166
B00008TTGK, B00064NP9I, B0001YRC7E, B0001YR4FE
B00008U0CG, B0002E47CG, B000089KR5, B0000APL09
B00008VRNY, B000078P9Q, B0000A75AR, B0001YR8T6
B00008VS5S, B0000722W4, B0000ANC7S, B00019RCH4
B00008WICM, B0002LIA7W, B00008IPZO, B0000891IO
B00008WIAO, B0000CBDQS, B0000ZFRS0, B0000ZFRIK
B00008XNMS, B000034DKZ, B0000A889O, B00069V8VK
B00008XLXC, B0000AJZRP, B0002995PA, B000074ULT
B00008YJE0, B000069C5H, B00005Q4V7, B0006ABRWY
B00008ZFUZ, B00008NFH5, B0000A7EQM, B00007GFC5
B00008ZCN4, B0002AARZQ, B0001Y8YK8, B0001X2NOC
B000090L2H, B000090L3G, B000090L3A, B0000AS53N
B000090NNB, B000090NMP, B000090NNX, B0002654SA
B000090NDD, B0001O3VA6, B0001O3V9W, B000090NDB
B000090NDB, B0001O3VA6, B0001O3V9W, B0001N7QQC
B000090L3G, B000090L3A, B000090L2H, B00023JP7O
B000090MH1, B0001AP68K, B0006B2T8E, B0002T6AZS
B000090MCR, B000090MCF, B00064C5OO, B0001KHZZW
B000090M10, B00018MN5Q, B0001J3RCS, B00015CELM
B000090LUG, B0000AWQXY, B00011TNME, B0000DC98Y
B000090MID, B000095IL8, B00023JR7M, B00007I6VN
B000090MCF, B0000E1VW8, B000090MCR, B00006MK0K
B000090NNX, B000090NNB, B000090NMP, B0002RRS3S
B000090L3A, B000090L3G, B000090L2H, B00064UT06
B000090NMP, B000090NNB, B000090NNX, B0000C6BNW
B0000914JP, B00006M5HL, B00006MDHL, B0002SSCF0
B000091YFU, B0002JTLKY, B0000E1NNK, B0002CEUP2
B000092QBI, B0000DZYSB, B000090MH1, B0001J3Z2A
B000092ZW7, B0001NM3E2, B0001NM3G0, B0001NM4EQ
B00009363V, B0002TA1XK, B0002TA3I8, B00012AWQO
B000093AU1, B000074ZOO, B00009PPHY, B00062JDWI
B000094U23, B0000YWJRI, B00007AQH7, B00007AS82
B000095IL8, B000090MID, B0002UCPQ0, B00023JR7M
B000096QJ7, B0000C6EBP, B0000ACDMV, B00004U3OE
B000096QJ9, B00005Q3TW, B0006N8Y86, B0001KHMZU
B000096R0S, B00029U2IO, B0001HKQ9M, B00000K3SK
B00009936L, B00009KEHY, B00024ALOO, B0002S6DEM
B000099ELX, B0000C86W8, B00012UUX4, B00069Q9GO
B000099GXP, B0001M3UWW, B0000BUWS0, B0000ANAKR
B000099Q4V, B000140BM2, B00009OX7M, B0000AIXZC
B000099BI6, B00009RHH1, B0000722AS, B00008ID0O
B00009AK9M, B0001VJ4AK, B0000ZD16U, B00008E2H3
B00009ATUO, B0000224VM, B0000722BF, B00009QB5V
B00009B1TA, B0000A420U, B0000696BZ, B0006L52II
B00009EPE7, B00012B32Q, B00007AROH, B0002MOVRY
B00009ETTU, B0006HTWRE, B00007ICM8, B00007ICLW
B00009ESZI, B00009ESZB, B0000ZE6AK, B0000ZE74A
B00009I352, B00009GHAQ, B0000C46FD, B00009I3H9
B00009I4L5, B000067POX, B0000E0IZ1, B000078P9Q
B00009ETPV, B0002A3SG6, B00008E27B, B00064AIGQ
B00009I3EB, B00009I3H9, B00000K3SI, B00061NLA4
B00009GHAQ, B00009I352, B0000C46FD, B00009I3H9
B00009ESZB, B00009ESZI, B0000ZE6AK, B0000ZE74A
B00009I3H9, B00009I3EB, B00000K3SI, B00061NLA4
B00009ILZZ, B00009LZNE, B00005BUTW, B00005LAE3
B00009IM4P, B00067U40I, B00009LZPL, B0002XN1RO
B00009JYIY, B0000ADX7D, B0000ADX7G, B0006IJD6I
B00009K3O2, B0002Q05QQ, B00024WASO, B0002TMJLC
B00009IO8W, B0002PEJB4, B0000E1VWF, B0002PR1AK
B00009KEHY, B0000AOEA4, B00009936L, B0000AOEA2
B00009L7N5, B00007DN11, B00064VRMA, B00006I54X
B00009LZNE, B00005BUTW, B00005LAE3, B00009ILZZ
B00009LZRL, B00011KKYO, B0002MHHL6, B0001X3BL6
B00009LZRJ, B0000224VM, B0000722BF, B00009QB5V
B00009LZPL, B00009IM4P, B00005JHKE, B000051TSH
B00009MEQT, B0000AOX3C, B00023JTM0, B00027NJCC
B00009MEYG, B00007GLIK, B00026SOOG, B00012B5JM
B00009MFB9, B0001OGHIE, B0001OGI10, B0001ZO2NK
B00009MEZD, B00023K5WS, B0000AOX29, B0000AOX3C
B00009MF9H, B0003069PC, B0000AMA9A, B0002PR3F8
B00009MFA6, B00001TQ34, B00023JJ8E, B00001U02K
B00009MJLJ, B00012PORG, B0002L0D4A, B00009MJLO
B00009MJLO, B00012PORG, B0002L0D4A, B00009MJLJ
B00009N4HJ, B00009QB5V, B0000722AS, B00008ID0O
B00009N7Y5, B0000ERMEH, B000148I0E, B00009PM48
B00009N7Y9, B0000ERMEH, B000148I0E, B00009PM48
B00009N7Y1, B0000ERMEH, B000148I0E, B00009PM48
B00009N7Y8, B0002YIHM2, B000144OHU, B0002DG88I
B00009N42W, B000086NYY, B0001BGAOI, B0002OULXK
B00009NQT7, B0000VRFWK, B0002HTQ4M, B0001ZK1VW
B00009NQX6, B00009OX7M, B0000AIXZC, B00004U3M4
B00009OX7R, B00009OX7M, B00001W0GC, B00001W0F2
B00009OX83, B00001W0J3, B00009OX7R, B0000UIWVE
B00009OXE8, B00009QOQ1, B00009PS2E, B00008OLIS
B00009OX7M, B0000AIXZC, B00004U3M4, B0000BVKYN
B00009OYIF, B0006GK9MM, B00013PATW, B0002BKOPS
B00009OXD7, B00001TZYK, B00001W0J3, B00009QMR3
B00009OZB6, B0000AOY16, B00067M5PK, B0000V9MJ4
B00009PM44, B00009PM49, B00009PM47, B00009PM4A
B00009PLO3, B0006I9PYI, B0006I9Q0Q, B00063AIRG
B00009PM1W, B00004SRA8, B0000C6BOD, B0000C6BOC
B00009PM47, B00009PM49, B00009PM44, B00009PM4A
B00009PLN1, B00009PLMZ, B0006GH2C2, B0002D9EBG
B00009PLMZ, B00009PLN1, B0000CGHG7, B00023DIVI
B00009PM4A, B00009PM49, B00009PM47, B00009PM44
B00009PO7P, B0000722AS, B00008ID0O, B0000AT7GG
B00009PO44, B00009PPHY, B0006BKDQ4, 1608322130
B00009PM49, B00009PM47, B00009PM44, B00009PM4A
B00009PO1X, B0000AF46V, B0000ERYI9, B0006H2GM2
B00009PM0I, B0002BL506, B00004SR9N, B00004SR9S
B00009PS2K, B00023JJ8E, B00004U1LF, B00023JWD6
B00009PS9Y, B00009WNBP, B0002Y8UP6, B000235SMK
B00009PPHY, B000074ZOO, B000093AU1, B00009PO44
B00009PS7H, B0002Y8UP6, B00009PS9Y, B0002Y8UO2
B00009PU5O, B00028MC8I, B0000TVPQE, B00023JO9I
B00009PS2E, B00009QOQ1, B00008OLIS, B00009OXE8
B00009PM48, B000148I0E, B0000ERMEH, B000144O48
B00009QB5V, B0000224VM, B0000722BF, B00009QQ2Z
B00009QOQ1, B00008OLIS, B00009PS2E, B00009OXE8
B00009QOQ2, B00005JHL3, B0000696BZ, B00001TZYK
B00009QMR3, B00001NFV8, B0000AI44G, B0000AMA9L
B00009QQ2Z, B0000224VM, B0000722BF, B00009QB5V
B00009R852, B0000C4CLR, B0000C4CLO, B0000C4CLS
B00009R884, B0000BUXAE, B00009R881, B0002TA1US
B00009R8DC, B0000AX1MB, B00028NXCM, B0002TRR2I
B00009R881, B00018A8F8, B0001TOT8O, B0000DYMI8
B00009RHH1, B000099BI6, B0000224VM, B0000722BF
B00009TD4D, B0001NM4AU, B0001NM43W, B0000731RO
B00009UTQ7, B0002D1NJC, B0000C3DGM, B000244BHC
B00009UXG6, B0000722AS, B00008ID0O, B0000AT7GG
B00009V195, B0000AF46V, B0000ASIXE, B000072GE5
B00009UXFL, B0000722AS, B00008ID0O, B0000AT7GG
B00009UXFU, B0000722AS, B00008ID0O, B0000AT7GG
B00009W1UK, B00064UTY2, B00024E1TK, B0006HDGUS
B00009W91J, B0000CGHG7, B00023DIVI, B00069SSYU
B00009W9MJ, B0002VQN80, B0002WRIX8, B0006HGM0O
B00009WNBP, B00009PS9Y, B0002IRS64, B0000D8WMP
B00009WMIH, B0000AT8CK, B00009WM7J, B0000AFSYY
B00009WM7J, B0000AFSYY, B0000AT8CK, B0000AFSX4
B00009X49Z, B00008DWWM, B000085J15, B00021YU2Q
B00009X44V, B0006NWT7S, B0006NU6M8, B0002N406K
B00009XEEK, B00009XEEH, B000297HFU, B0001I9WMI
B00009XEEH, B00009XEED, B0001IA06U, B000297HFU
B00009XEIU, B0001Y3O44, B0000VGAQC, B0000868SW
B00009XEED, B00009XEEH, B0001IA06U, B000297HFU
B00009XEEF, B00009XEEH, B0001IA06U, B000297HFU
B00009XOAO, B0000B3581, B0002CWUEK, B0000CDVV2
B00009XTY2, B0000BUWS0, B0002Y7NOU, B0000ANAKR
B00009XO58, B00023JJIY, B00009OX7M, B0000AIXZC
B00009XTXB, B0000A7MM3, 7503681888, B0000TSIMI
B00009XXJV, B00009XY37, B0002THW50, B0000722AS
B00009XY37, B00009XWTS, B00009XXJV, B00023JOAW
B00009XWTS, B00009XY37, B00023JOAW, B00064UUIM
B00009YTKQ, B0001554OG, B0002J4FL4, B00001QHXX
B00009Z140, B00009Z1JS, B0002IPIHK, B00007KQDS
B00009Z4S6, B0002UE3EC, B0000224VM, B0000722BF
B00009Z1JS, B0000722AS, B00008ID0O, B0000AT7GG
B00009Z67K, B000052XTI, B00007KQDU, B0000867QZ
B00009Z707, B00009Z70E, 9629558424, B00009PM49
B00009ZIOU, B00026RGL8, B00005Q3TW, B000096QJ9
B00009Z70E, B00009Z707, 9629558424, B00009PM49
B00009ZL5A, B0006BHRZ4, B00061P9EA, B00007IBH0
B00009ZNI3, B00009ZNHK, B00009ZM4V, B0000UQZX6
B00009ZNHK, B00009ZNI3, B00009ZM4V, B00006M5HL
B00009ZM4V, B00009ZNI3, B00009ZNHK, B00004U3KI
B00009ZM7Z, B0002VANXQ, B0002VAOBC, B0000DIN7D
B0000A0BMO, B0006B5FF8, B0006B5GL6, B0006B5GKC
B0000A0AV3, B0000A0AV9, B0001MLLTQ, B0001MLLTG
B0000A0AV9, B0001MLLTQ, B0000A0AV3, B0001MLLTG
B0000A0MRY, B0006BAR6U, B0000AVDNE, B0000C2QZX
B0000A0MZR, B0000AR2EN, B0000E0IZ1, B000078P9Q
B0000A0RJV, B0000A0RKH, B0002L0P9I, B0000BUX14
B0000A0RKH, B0000A0RJV, B00026CYJC, B0006N1PTQ
B0000A0MT0, B0000E2VUQ, B00021LLU0, B0006BAR6U
B0000A16NK, B0002ITGOQ, B00018WRZ2, B00065BHHY
B0000A17ZD, B0006MSJPK, B0002DFLHC, B0001W1AI8
B0000A166H, B0006FQYSQ, B0000AE5TV, B0000VAP9K
B0000A1C9R, B00008SCRB, B00004VWJW, B0002PAHX8
B0000A1B38, B0000A1AU8, B0002V1ZQA, B00018WZ1S
B0000A12V7, B00062OY0O, B0000ANHRR, B00006M7NJ
B0000A1AU8, B0000A1B38, B0002V1ZQA, B00018WZ1S
B0000A1OIV, B0002C6NKW, B0000D15ZT, B00027QC2Q
B0000A1R6F, B0000AHRWY, B00065FZHC, B0000224VM
B0000A1YH1, B0000AS4UB, B0001TP21W, B0006GK5XK
B0000A1RDO, B0000A1REG, B0002TU1T4, B0002EX1EQ
B0000A1REG, B0000A1RDO, B0002TU1T4, B0002EX1EQ
B0000A1XSN, B0000722W4, B00008VS5S, B00019RCH4
B0000A3KZQ, B00004U3KC, B00004U3SU, B0006HDGUS
B0000A420U, B00023JJJS, B00009B1TA, B0000696BZ
B0000A4FIJ, B0000A4FHS, B0006DNLM0, B00067U2T6
B0000A4FHS, B0000A4FIJ, B0000866FH, B0000868RU
B0000A4FD3, B0000A4FCH, B0002KWZ4M, B0000ATBXV
B0000A4FCH, B0000A4FD3, B00020LZFW, B00026RGL8
B0000A3Y96, B0002KWZ4M, B0000ATBXV, B0000TSILY
B0000A522Q, B0000A522S, B00018CAUY, B0000A51GP
B0000A505J, B0001Y0QZ4, B00030BRXG, B0006JMVLG
B0000A504Z, B0000A504H, B0000A50X5, B0000A53UX
B0000A52UF, B0000A52TF, B00067U5XE, B0000A53OM
B0000A4ZJD, B0000A51GP, B00018CAUY, B0000A522Q
B0000A522S, B0000A522Q, B00018CAUY, B0000A51GP
B0000A50X5, B0000A504Z, B0000A53UX, B0000A52UF
B0000A51GP, B0000A51G2, B0000A4ZJD, B00018CAUY
B0000A522N, B0000A522Q, B00018CAUY, B0000A51GP
B0000A51G2, B0000A51GP, B0000A4ZJD, B00018CAUY
B0000A504H, B0000A504Z, B0000A50X5, B0000A53UX
B0000A54JT, B0000A52UF, B00067U5XE, B0000A53OM
B0000A53UX, B0000A53VE, B0000A504Z, B0000A50X5
B0000A53VE, B0000A53UX, B0000A504Z, B0000A50X5
B0000A506F, B0000A504Z, B0000A50X5, B0000A53UX
B0000A53OM, B0000A53OW, B0000A52UF, B00067U5XE
B0000A53OW, B0000A53OM, B0000A52UF, B00067U5XE
B0000A51GF, B0000A51GP, B0000A4ZJD, B00018CAUY
B0000A52TF, B0000A52UF, B00067U5XE, B0000A53OM
B0000A506E, B0000A504Z, B0000A50X5, B0000A53UX
B0000A51FU, B0000A51GP, B0000A4ZJD, B00018CAUY
B0000A5FPD, B0000AFSFN, B0000A8NG8, B0006LRUII
B0000A5GBP, B0002PB2AU, B0002KWZ4M, B0000ATBXV
B0000A7501, B0000224VM, B0000722BF, B00009QB5V
B0000A68PB, B0006MRDX4, 978979262X, B0006DQWB2
B0000A61YR, B0000AT7GG, B0000ASH2G, B0006GBHYQ
B0000A889O, B000034DKZ, B00008XNMS, B0000ERYHJ
B0000A7MM3, B0000224VM, B0000722BF, B00009QB5V
B0000A8BX6, B0002D9EBG, B0000A74DO, B0000A75AR
B0000A8K3J, B0000A8KAE, B0000WY6X0, B0002AK7MY
B0000A62I5, B000034DKZ, B00008XNMS, B0002BVGGO
B0000A75AR, B000078P9Q, B00008VRNY, B0001YR8T6
B0000A7EQM, B00008NFH5, B00007GFC5, B00062QXWQ
B0000A88JI, B0001M3UWW, B0000A88LS, B00030NRW0
B0000A8841, B0000722AS, B00008ID0O, B0000AT7GG
B0000A61OV, B0002MAPYC, B000074ZOO, B0000DEHGM
B0000A8KAE, B0001B9TIC, B0000A8K3J, B0002AK7MY
B0000A8QKI, B0006H2GM2, B000632WRA, B0002D8P7K
B0000A88LS, B000072825, B0000AWQZC, B0002L4ASU
B0000A8NG8, B0000AFSFN, B0000A5FPD, B0006LRUII
B0000A74DO, B0000224VM, B0000722BF, B00009QB5V
B0000A92MI, B00009OX7M, B0000AIXZC, B00004U3M4
B0000A92ON, B0002ZQDBI, B00023K4BA, B0002UPI32
B0000A98OE, B0006I9QGU, B0006I9LCY, B0002WPA4C
B0000A92MJ, B00023JJAC, B00009OX7M, B0000AIXZC
B0000A92Q8, B0000A92PD, B0006I6UMS, B0006GK9MM
B0000A985Y, B0001P6GV6, B0006I9LZ6, B00004WHFF
B0000A92PD, B0000A92Q8, B0006I6UMS, B0006GK9MM
B0000A98FF, B00004SRAJ, B00004SR9N, B00004SR9S
B0000A9Y1K, B00064VXR4, B00005KJXN, B0006GK6YS
B0000A9Y6O, B0000AOE9X, B0002E3696, B000034DKV
B0000A9Y61, 8805003204, B000069BCV, B00001U07M
B0000AA45R, B0001BV1OW, B000071X5Q, B0000868C8
B0000AAWVL, B0000722AS, B00008ID0O, B0000AT7GG
B0000ABP6O, B0000865K5, B0000862YE, B0006L2ZNI
B0000AC9NF, B0002IPIHK, B00007KQDS, B0006ITGCY
B0000ACDMV, B0000C6EBP, B00004U3OE, B000096QJ7
B0000ACNBB, B0006IFHP4, B0000AR2EN, B00024NTDO
B0000ACXIV, B0000ACXKB, B0000ACXKK, B0000A53OM
B0000ADX7D, B0000ADX7G, B00009JYIY, B0006IJD6I
B0000ACXKK, B0000ACXKB, B0000ACXIV, B0000AF46V
B0000ACXKB, B0000AF46V, B0001YMLR0, B0000ACXIV
B0000ADX7G, B0000ADX7D, B00009JYIY, B0006IJD6I
B0000AE5TV, B0000TSQ8O, B0006FQYSQ, B0000A166H
B0000AE6C8, B00004U3SF, B0000DCA2K, B0001VRWNG
B0000AEPKU, B0000782AN, B00012U0UC, B0002XLWDY
B0000AE7IZ, B00018WRZ2, B0002NZ1S6, B0001H5VU6
B0000AFSYY, B00009WM7J, B0000AT8CK, B0000AFSX4
B0000AF46V, B0000ACXKB, B000273QM0, B0002XSNWW
B0000AFSFN, B0000A8NG8, B0000A5FPD, B0006LRUII
B0000AFSX4, B00009WM7J, B000073TM3, B0000AFSYY
B0000AGQ35, B000126YXO, B00023K7J4, B00012B5JM
B0000AGQMY, B00067WODS, B0002OQ4CW, B0001KOBJ0
B0000AGSCJ, B00063DNBO, B0000VRY1C, B00023JQ46
B0000AHEAO, B0000AHEAQ, B0000BUWMW, B0000AS4Q7
B0000AHEAQ, B0000AHEAO, B0000BUWMW, B0000AS4Q7
B0000AHE2V, B0000AHEAO, B0000BUWMW, B0000AS4Q7
B0000AHE2X, B0000AHEAO, B0000BUWMW, B0000AS4Q7
B0000AHE2T, B0000B35CO, B00012PXHW, B000659OPQ
B0000AHQ9R, B0002M4VJC, B0001YS56Q, B0001YRC3I
B0000AHRCS, B0006I3YIG, B0000AHR19, B0000AHR41
B0000AHP23, B00024R1ME, B00064JUNS, B0002PEJB4
B0000AHPG4, B0000AJH86, B0000ASFQL, B0001KE3P2
B0000AHQT4, B000072825, B0000AWQZC, B0002L4ASU
B0000AHE7Q, B0001RHLYK, B00025X21M, B0001RHNAW
B0000AHPF0, B00027SQM0, B0002UU396, B0000224VM
B0000AHS28, B0000224VM, B0000722BF, B00009QB5V
B0000AHR19, B0006I3YIG, B0000AHRCS, B0000AHR41
B0000AHRWY, B00027SQM0, B0000224VM, B0000722BF
B0000AHQ3N, B0006NX5VC, B0000CH8HL, B0001YJ1B4
B0000AHWIS, B0000224VM, B0000722BF, B00009QB5V
B0000AHWD7, B0002INIYK, B0002I25CG, B0002INIHM
B0000AHR41, B0000AHR19, B0000AJHPW, B0000AHRCS
B0000AI0LQ, B0000789TN, B0001JUJ6K, B0000TIJDG
B0000AI44G, B00062ZLHO, B00069SSK4, B00015FU9U
B0000AIY04, B00009OX7M, B0000AIXZC, B00004U3M4
B0000AIXZ6, B00067OHQ0, B00067OHQA, B0006FUE78
B0000AIXZ9, B00004U3M4, B00009OX7M, B0000AIXZC
B0000AIXZC, B00009OX7M, B00004U3M4, B0000BVKYN
B0000AJH86, B0001KE3P2, B0000AHPG4, B0000E0NMF
B0000AJHLU, B00024QWGK, B00024QTYU, B00024QELS
B0000AJHXG, B0000DYMI8, B0000224VM, B0000722BF
B0000AJNKL, B000034DKZ, B00008XNMS, B0000AMSLO
B0000AJZRP, B00008XLXC, B0002995PA, B000074ULT
B0000AJHPW, B0006I3YIG, B0000C321X, B0006LJLMG
B0000AKGI1, B0000AKGHW, B0000AKGHM, B0000AKGI0
B0000AKGHM, B0000AKGHW, B0000AKGI1, B0006N5UQ0
B0000AKGI0, B0002KV7G4, B0006N5UQ0, B0000AKGHW
B0000AKGHW, B0000AKGI1, B0000AKGHM, B0000AKGI0
B0000AKOZC, B0000AHEAO, B0000BUWMW, B0000AS4Q7
B0000AKOZH, B0000AOXKY, B0000AOXGR, B0002C81BQ
B0000AKON3, B0000AKON2, B00062P0ZW, B00006M5HL
B0000AKON2, B0000AKON3, B00062P0ZW, B00006M5HL
B0000AL75G, B000074Z75, B0000AMSLO, B00029X52Y
B0000ALK7Z, B0000ALK9B, B0000722AS, B00008ID0O
B0000ALK9B, B0000ALK7Z, B0006N5UQ0, B0000722AS
B0000ALX7Q, B0001ZO0I2, B0000ZDEFS, B0000ZDFFM
B0000ALQA6, B00001TPZJ, B00004U3KI, B0000WYVSA
B0000AMA98, B0000AMA9A, B00068OJA8, B00029R610
B0000AMA90, B00001TPZJ, B00005V3Q0, B00009QMR3
B0000AMA9A, B0000AMA98, B00068OJA8, B00004U3OE
B0000AMA9L, B00006BSTB, B00005JHKE, B000051TSH
B0000AMK6C, B0000A420U, B00023JJJS, B00023JJAM
B0000AME8B, B0000APD8N, B00066YQIA, B0002UFHE2
B0000AMSLO, B000074Z75, B0000AL75G, B0000AJNKL
B0000AMSJE, B000034DKZ, B00008XNMS, B0000AMSLO
B0000ANEC9, B0000ANECK, B0001YSBMO, B00062OY0O
B0000ANEXJ, B0000ANDJY, B0000ASDJH, B0002TVZMG
B0000ANAKR, B0000BUWS0, B0001NJU0W, B0002Y7NOU
B0000ANDUM, B0000ANDU4, B0001YS56Q, B0001YS3NG
B0000ANKKP, B00062NRCK, B00062NR5W, B00062NR7A
B0000AN4JF, B0002W1IT8, B0000V9MJ4, 2485907463
B0000ANDEI, B0000T0N8K, B0000WL3MC, B0000WL3PO
B0000ANHT9, B0000ANHSZ, B0001YSBMO, B0000ANEC9
B0000ANF4L, B0000ASP86, B0000ASNER, B00009XO58
B0000ANHSZ, B0000ANHT9, B0001YSBMO, B0000ANEC9
B0000ANC7S, B0000722W4, B00008VS5S, B0000AT7GG
B0000ANFX0, B0000224VM, B0000722BF, B00009QB5V
B0000ANHQJ, B0001WCCQM, B0000728OW, B000072SJ2
B0000AOFMR, B0000ZLARM, B0006DQWB2, B0006L1MU0
B0000ANHT7, B0000ANHT9, B0001YSBMO, B0000ANEC9
B0000ANHRR, B0002TB7LK, B00015VJEU, B00026OJRC
B0000ANHST, B0000ANHT9, B0001YSBMO, B0000ANEC9
B0000AOEA4, B00009KEHY, B00005S7OU, B00009936L
B0000ANDU4, B0000ANDUM, B0001YS56Q, B0001YS3NG
B0000ANECK, B0000ANEC9, B0001YSBMO, B00062OY0O
B0000AOE9X, B0000AIY04, B0000A9Y6O, B00001T38R
B0000AOE9O, B00005CATE, B00007F8PO, B00009OX7M
B0000ANDUV, B0000ANDUM, B0001YS56Q, B0001YS3NG
B0000ANHTI, B0000ANHT9, B0001YSBMO, B0000ANEC9
B0000AOFOS, B0000730WO, B0006DQWB2, B0006L1MU0
B0000ANDJY, B0000ANEXJ, B0000ASDJH, B0002TVZMG
B0000AOE9V, B0006FUEX2, B0006FUE78, B000069BCU
B0000AOX1N, B0000AOX1P, B0000AOX24, B00024QUCQ
B0000AOX29, B0000AOX3C, B0000AOX2P, B0000AOX3G
B0000AOX1F, B0000AOX1P, B00023JMZE, B00063EQ8S
B0000AOX2E, B0000AOX2D, B00023K6EA, B00023JV8W
B0000AOEA2, B00006886R, B00009KEHY, B00009936L
B0000AOX3C, B0002ZJBYE, B0000AOX29, B0000AOX2P
B0000AOX1Z, B0006696AS, B00023XGVU, B0000AOX22
B0000AOX2D, B0000AOX2E, B00023K6EA, B00064NP9I
B0000AOXKM, B0000AOXKK, B0000AOXKJ, B0000AOXKI
B0000AOX1P, B0000AOX1F, B00023JMZE, B0000AOX1N
B0000AOXHQ, B0000AOX1F, B00023JMZE, B00063EQ8S
B0000AOX2P, B0000AOX29, B0000AOX3C, B0000AOX3G
B0000AOXL2, B0000AOXGO, B0000AS4RE, B0000AOXLH
B0000AOXKR, B0000AOXKJ, B0000ATC41, B0000AOXKQ
B0000AOX21, B0000AOX2E, B00023K6EA, B00064NP9I
B0000AOX1X, B0000AOX2E, B00023K6EA, B00023XGTC
B0000AOXKJ, B0000AOXKR, B0000ATC41, B0000AOXKM
B0000AOXKI, B0000AOXKP, B0000ATC37, B0000ATC4O
B0000AOWOT, B0006MTKB2, B00006MKXV, B0002RBM8K
B0000AOWZI, B0000730S0, B0001NLO7O, B0001NLN1G
B0000AOXKT, B0000AOX1F, B00023JMZE, B0000AOXKM
B0000AOXKY, B0000AKOZH, B0000AOXL2, B0000AOXGO
B0000AOXLL, B0000AOXLP, B0000AOXLV, B0000AOXLO
B0000AOXKX, B0000AOX1F, B00023JMZE, B0002Z85DW
B0000AOXL6, B0000AOXL7, B0000AOX2E, B00023K6EA
B0000AOXIN, B0000AOXIB, B0000TGX9I, B0000AOXGZ
B0000AOXKP, B0000AOXKI, B0000ATC4O, B0000AOXLP
B0000AOX22, B0000AS53C, B0000AOX1Z, B0006696AS
B0000AOXGR, B0000AOXGO, B0002C81BQ, B0000BYA16
B0000AOXKC, B0000AOXKM, B0000AOXKJ, B0000AOXKI
B0000AOXLM, B0000AOXLY, B0000AOXLO, B0002V469I
B0000AOXLN, B0000AOXLO, B0002Z85E6, B0002V469I
B0000AOXIB, B0000AOX1F, B00023JMZE, B00063EQ8S
B0000AOXGZ, B0000APUCB, B0000TGX9I, B0000APUDG
B0000AOX3M, B00023K302, B00067ZECG, B0000AOX29
B0000AOXLG, B0000AOX2E, B00023K6EA, B0000AOXLH
B0000AOX3G, B0000AOX29, B0000AOX3C, B0000AOX2P
B0000AOXJY, B0002VZXG8, B0002TXFX8, B0002UU594
B0000AOXLV, B0000AOX1F, B00023JMZE, B0000AOXLL
B0000AOX25, B0000AOX24, B00023XG8S, B000126W4U
B0000AOXKK, B0000AOX1F, B00023JMZE, B0000AOXKM
B0000AOX24, B0006696AI, B00023JTSE, B0000AOX25
B0000AOXL5, B0000AKOZH, B0000AOXL6, B0000AOXL7
B0000AOY3S, B0000AOY3R, B00007AQH7, B0001NLLJA
B0000AOX1J, B0000CDVVL, B0000AOX1F, B0000BYA1S
B0000AOXKU, B0000AOX1F, B00023JMZE, B00063EQ8S
B0000AOXKQ, B0000AOX1F, B00023JMZE, B0000ATC41
B0000AOXLO, B0000AOXM5, B0002V469I, B0000AOXLN
B0000AOXMF, B0000AOX1F, B00023JMZE, B00063EQ8S
B0000AOXLY, B0000AOX1F, B00023JMZE, B0000AOXLM
B0000AOXLP, B0000AOXLL, B0000AOXLV, B0000AOXLO
B0000AOY3R, B0000AOY3S, B0001NLLJA, B00007AQH7
B0000AOXM8, B0000AOX1F, B00023JMZE, B0000ATC4O
B0000AOXL7, B0000AOX1F, B0000AOXL6, B00023JMZE
B0000AOXGO, B0000AOXL2, B0000AOXGR, B0002C81BQ
B0000AOY16, B0000A0BMO, B0006B5FF8, B0006B5GL6
B0000AOX2L, B0000APUDX, B00023JVIM, B00023K7J4
B0000APD8N, B0000C3XPS, B0002TU180, B0000E5L3M
B0000AOX1R, B0000AOX1F, B00023JMZE, B00063EQ8S
B0000APM3T, B00006MFSO, B0001CWM58, B00006M1B8
B0000APM7E, B00006MN51, B0000ZFN16, B0001F35NI
B0000AOXM5, B0000AOX1F, B00023JMZE, B0000AOXLO
B0000APPQG, B0000APKUN, B0002X4HJU, B00007ICLQ
B0000AOXMI, B0000AOX1F, B00023JMZE, B0000AOXLO
B0000AOXLH, B0000AOX1F, B00023JMZE, B0000AOXLG
B0000APKUN, B0000APPQG, B0002X4HJU, B000089JLV
B0000APPRP, B000071X5Q, B0000868C8, B00023DCM8
B0000APUDI, B0001M15EM, B0000TGX9I, B0002CF56K
B0000APUDX, B0000AOX2L, B0000APUDV, B0000AOXKY
B0000APUED, B0000AKOZH, B0002FQCS2, B0000AOXLO
B0000APK5V, B000071X5Q, B0000868C8, B00023DCM8
B0000APUCB, B0000AKOZH, B0000AOXGZ, B0000AOXGR
B0000APUDV, B0000APUDT, B0002V45ZS, B0000APUDX
B0000APUDT, B0000AOXGR, B0002C81BQ, B0000BYA16
B0000APL09, B00006M6IH, B00006ME9C, B00006M00B
B0000APUE9, B0000AOX1F, B00023JMZE, B00063EQ8S
B0000APUDQ, B0000AOX1F, B00023JMZE, B00063EQ8S
B0000APUE7, B0000AKOZH, B0002Z85DC, B0006698B0
B0000APUDN, B0000AOX1F, B00023JMZE, B00063EQ8S
B0000APUDG, B0000TGX9I, B0000APUDI, B0000AOXGZ
B0000AQJI6, B00011TNME, B0000TIIQ4, B00030BMZY
B0000AQMEC, B0000AQMSR, B0000SZ1TC, B0002EJ8KW
B0000AQMSR, B0000TIJ72, B0002TQXFK, B0000AQMEC
B0000AQR1J, B0000AQR2T, B0006FKF18, B00018A8F8
B0000AQQX6, B0002MI9VS, B0002ZRV0A, B00022C7OI
B0000AQR2T, B0000AQR1J, B0006FKF18, B0006FKEWI
B0000AQORK, B0000AQVCW, B00013UP5Q, B0000DHVN0
B0000AR2EN, B0000ACNBB, B0006IFHP4, B0000C6CYZ
B0000AQVCW, B0000AQORK, B00013UP5Q, B0006GKENG
B0000ARBIU, B000069C5H, B00005Q4V7, B00020OEGO
B0000AS4NX, B0000AS4OM, B0000AS4O9, B0000AWRWX
B0000AS4OC, B0000AS4OX, B0000AOXGR, B0002C81BQ
B0000AS4OX, B0000AS4OC, B0000AOXGR, B0002C81BQ
B0000AS4UB, B0000AS4XW, B0002IONJ4, B0001ZVNPA
B0000AS4RE, B0000AOXL2, B0000AS4RC, B0000AS4R2
B0000AS4SE, B0000AS4SQ, B0000AS4SI, B0000AOX2E
B0000AS4TO, B0000AS4YL, B0000B3581, B0000AOXGR
B0000AS4TZ, B0000AOX1F, B00023JMZE, B00063EQ8S
B0000AS4S8, B0000AOXL2, B0000AS4S5, B0000AS4SE
B0000AS4QZ, B0000AOXL2, B0000AS4R2, B0000AS4RC
B0000AS4XW, B0000AS4UB, B0000AS4XP, B0000AS4XI
B0000AS4PE, B0000AS4OC, B0000AOXGR, B0002C81BQ
B0000AS4Q2, B0000AS4OC, B0000AOXGR, B0002C81BQ
B0000AS4X7, B0000AOX1F, B00023JMZE, B0000AS4WM
B0000AS4XX, B0000AS52V, B0000AOXL2, B0000AS4XT
B0000AS4Q7, B0000AS4OC, B0000AOXGR, B0002C81BQ
B0000AS4OM, B0000AS4NX, B0000AWRWX, B000659OLA
B0000AS4OP, B0000AS4OC, B0000AOXGR, B0002C81BQ
B0000AS4U3, B0000AOXL2, B0000AS4UE, B0000AS512
B0000AS4QP, B0000AOXL2, B0000AS4QM, B0000AS4R2
B0000AS4YL, B0000AS4TO, B0000AS4YM, B0000AOXGR
B0000AS4WJ, B0000AOX1F, B0000AS4WM, B00023JMZE
B0000AS4OT, B0000AS4OC, B0000AOXGR, B0002C81BQ
B0000AS4WA, B0000AS4W7, B0000AS4W3, B0000AOXL2
B0000AS4SC, B0000AKOZH, B0000AS4Q7, B0000AS4SE
B0000AS4R2, B0000AS4UB, B0000AS4RE, B0000AS4RC
B0000AS4Y2, B0000AOXL2, B0000AS4XZ, B000659OQA
B0000AS4SQ, B0000AS4UB, B0000AS4SE, B0000AS4SI
B0000AS4QS, B0000AKOZH, B0000AS4QZ, B0000AS4R2
B0000AS4ZY, B0000AS4TO, B0000AOXGR, B0002C81BQ
B0000AS4QM, B0000AOX1F, B00023JMZE, B0000AS4QP
B0000AS4XU, B0000AOX1F, B0000AS4XV, B0000AS4XT
B0000AS4XV, B0000AS4XU, B0000AS4XT, B0000AOXL2
B0000AS4V8, B0000AS4VB, B0000AOX2E, B00023K6EA
B0000AS4SI, B0000AOX1F, B00023JMZE, B0000AS4SE
B0000AS513, B0000AOX1F, B00023JMZE, B0000AS50Y
B0000AS4YU, B0000AOX1F, B00023JMZE, B0000AS4YZ
B0000AS4YH, B0000AOXL2, B0000AS4YG, B0000AS4YQ
B0000AS4YT, B0000AS4TO, B0000AS4YU, B0000AOXGR
B0000AS4XP, B0000AS4XI, B0000AS4XQ, B0000AOXL2
B0000AS4YG, B0000AOX1F, B00023JMZE, B0000AS4YM
B0000AS51N, B0000AOX1F, B00023JMZE, B0000AS51L
B0000AS50S, B0000AOX1F, B00023JMZE, B0000AS530
B0000AS4WZ, B0000AS4X3, B0000AOXL2, B0000AS4W7
B0000AS51D, B0000AOX1F, B0000AS51E, B00023JMZE
B0000AS4VZ, B0000AS4UB, B0000AS4V8, B0000AS4VB
B0000AS4O9, B0000AS4OC, B0000AOXGR, B0002C81BQ
B0000AS4RC, B0000AOX1F, B00023JMZE, B0000AS4RE
B0000AS511, B0000AS512, B0000AOXL2, B0000AS50U
B0000AS50Y, B0000AOXL2, B0000AS50W, B0000AS50X
B0000AS4R6, B0000AKOZH, B0000AS4RE, B0000AS4RC
B0000AS4ZM, B0000AS4TO, B0000AS53F, B0000E1LZK
B0000AS4YF, B0000AS4TO, B0000AS4YH, B0000AOXGR
B0000AS533, B0000AS523, B0000B35CO, B0000AHE2T
B0000AS4US, B0000AOXL2, B0000AS52P, B0000AS50W
B0000AS4Y7, B0000AOXL2, B0000AS4Y6, B0000AS4Y4
B0000AS4W7, B0000AOX1F, B0000AS4WA, B0000AS4W3
B0000AS4XT, B0000AS4XU, B0000AS4XV, B0000AOX2E
B0000AS4Y6, B0000AOX2E, B00023K6EA, B0000AS4Y7
B0000AS4YQ, B0000AS4YZ, B0000AS4YM, B0000AS4YG
B0000AS4XZ, B0000AOX1F, B00023JMZE, B00063EQ8S
B0000AS52T, B0000AOX1F, B00023JMZE, B0000AS4XX
B0000AS51E, B0000AS51D, B0000AOXL2, B0000AS512
B0000AS4UZ, B0000AS4V2, B0000AOX2E, B00023K6EA
B0000AS4S5, B0000AOX1F, B00023JMZE, B0000AS4S8
B0000AS4ZI, B0000AOXL2, B0000AS512, B0000AS4YZ
B0000AS4X3, B0000AS4UB, B0000AS4WZ, B0000AS4W7
B0000AS50D, B0000AOXL2, B0000AS507, B0000AS51N
B0000AS4VB, B0000AOX1F, B00023JMZE, B0000AS4V8
B0000AS519, B0000AOX1F, B00023JMZE, B0000AS51A
B0000AS4V2, B0000AOX1F, B00023JMZE, B0000AS4UZ
B0000AS530, B0000AOXL2, B0000AS50S, B0000AS512
B0000AS51G, B0000AKOZH, B0000AOXGR, B0002C81BQ
B0000AS52X, B0000AOX1F, B00023JMZE, B0000AS4Q2
B0000AS51L, B0000AKOZH, B0000AS51M, B0000AS51N
B0000AS50Z, B0000AOX1F, B00023JMZE, B0000AS4WM
B0000AS4WM, B0000AS4WJ, B0000AOXL2, B0000AS4W3
B0000AS4VJ, B0000AOX1F, B00023JMZE, B0000AS4VZ
B0000AS4W3, B0000AS4WA, B0000AS4W7, B0000AOX2E
B0000AS4YX, B0000AS4TO, B0000AS4YZ, B0000AS4YW
B0000AS4Y4, B0000AOX1F, B00023JMZE, B0000AS4Y7
B0000AS51J, B0000AKOZH, B0000AOXGR, B0002C81BQ
B0000AS4XI, B0000AS4XP, B0000AS4XQ, B0000AOX2E
B0000AS50V, B0000AS50U, B0000AOXL2, B0000AS512
B0000AS51A, B0000AOXL2, B0000AS519, B0000AS50W
B0000AS8DL, B0001FSB6Y, B0002YEN52, B0002D0IAW
B0000AS53N, B0000AKOZH, B0000AS52H, B0000AOXGR
B0000AS50U, B0000AOX1F, B0000AS50V, B00023JMZE
B0000AS507, B0000AS4TO, B0000AS50D, B0000AS51L
B0000AS50W, B0000AOX2E, B0000AS50Y, B0000AS50X
B0000AS6JX, B0000TSILE, B0000TSILO, B0000TSIKU
B0000AS4XQ, B0000AS4UB, B0000AS4XP, B0000AS4XI
B0000AS4PA, B0000AS4OC, B0000AOXGR, B0002C81BQ
B0000AS51M, B0000AS4TO, B0000AS51L, B0000AS51N
B0000AS4YM, B0000AOXL2, B0000AS4YG, B0000AS4YQ
B0000AS527, B0000AOX2L, B0000E1LZK, B0000AS4ZM
B0000AS4PO, B0000AS4OC, B0000AOXGR, B0002C81BQ
B0000AS52H, B0000AS4TO, B0000AS53N, B0000AOXGR
B0000ASFDC, B0000WL0NY, B0000WL3MC, B0000WL3PO
B0000AS9KO, B0000AWVMI, 9789816723, B0006846IS
B0000AS4YW, B0000AOXL2, B0000AS4YZ, B0000AS4YU
B0000AS52P, B0000AOX1F, B00023JMZE, B0000AS4US
B0000AS50X, B0000AOX1F, B00023JMZE, B0000AS50Y
B0000AS4UE, B0000AOX1F, B00023JMZE, B0000AS4U3
B0000AS512, B0000AS4UB, B0000AS511, B0000AS50U
B0000ASDJH, B0000ANEXJ, B0000ANDJY, B0002TVZMG
B0000ASFQL, B0000ASFYF, B0000E0NMF, B0000AHPG4
B0000AS52V, B0000AOX1F, B0000AS4XX, B00023JMZE
B0000ASP86, B0000ASNER, B0000ANF4L, B0002KWZ4M
B0000ASNER, B0000ASP86, B0000ANF4L, B0002KWZ4M
B0000ASH2G, B0000ASH3M, B0000AT7GG, B0000A61YR
B0000AS53F, B0000AOX2L, B0000E1LZK, B0000AS4ZM
B0000ASH3M, B0000ASH2G, B0000AT7GG, B0000A61YR
B0000ASFYF, B0000ASFQL, B0000E0NMF, B0000AHPG4
B0000AS523, B0000AS533, B00024VSHI, B0000AS51J
B0000ASIXE, B0002HB22G, B0000DDQD7, B00009V195
B0000AS4YZ, B0000AS4YQ, B0000AS4YW, B0000AS4YU
B0000ASH9C, B0000SZ1TC, B0006BBIOK, B000052XTI
B0000ASG1I, B0000ASFQL, B0000E0NMF, B0000AHPG4
B0000ASFR6, B0000ASFQL, B0000E0NMF, B0000AHPG4
B0000AS51Y, B0000AOX2E, B00023K6EA, B00064NP9I
B0000ASP3F, B0002TOZ3W, B0002TV5FI, B0000ASPMG
B0000ASVR2, B00019VNR4, B0001ZV472, B0000DHX4C
B0000ASPMG, B0000ASP3F, B0002TOUVO, B0002TOQ9K
B0000ASXG6, B0000224VM, B0000722BF, B00009QB5V
B0000ATBXV, B0002KWZ4M, B0001Y8ZHA, B0001X2NOC
B0000ATC4O, B0000AOXM8, B0000AOXKI, B0000AOXKP
B0000AT7ZE, B0000AT8HE, B0000WL9HQ, B0001YS264
B0000AT8HE, B0000AT7ZE, B0000WL9HQ, B0001YS264
B0000AT7GG, B0000722AS, B00008ID0O, B0000B35GL
B0000ATBZZ, B0000TGX9I, B0000AOXGZ, B0000APUDG
B0000ATC37, B0000AOX1F, B00023JMZE, B0000ATC4O
B0000AT8CK, B00009WM7J, B0000AFSYY, B0000AFSX4
B0000AT3NT, B0000AT3UG, B0000C6CYZ, B0002EJ1R2
B0000AT7N2, B0000AT7ZE, B0000WL9HQ, B0001YS264
B0000AT7OB, B0000AT7ZE, B0000WL9HQ, B0001YS264
B0000ATJCT, B0000224VM, B0000722BF, B00009QB5V
B0000AT3UG, B0000AT3NT, B0000C6CYZ, B0002EJ1R2
B0000ATC41, B0000AOXKJ, B0000AOXKQ, B0000AOXKR
B0000ATJD6, B0000224VM, B0000722BF, B00009QB5V
B0000AT7TL, B0000AT7ZE, B0000WL9HQ, B0001YS264
B0000AS53C, B0000AOX22, B0000CDVVD, B0000AS4TO
B0000AT8D6, B0000AT7ZE, B0000WL9HQ, B0001YS264
B0000ATTJ0, B00068OJ44, B00068OJAI, B0000DYLM9
B0000ATLNL, B0001XPC9A, B00008NMK1, B0000ZD54S
B0000ATP8L, B0001GU6GG, B0001YMLR0, B00019OQGE
B0000AT3SN, B0000AT3NT, B0000C6CYZ, B0002EJ1R2
B0000AU0DH, B0000E0G1K, B0000BUWS0, B0001W7OKQ
B0000AU640, B0000AUF5F, B0006LTRJ8, B0001D0HSG
B0000AU9VI, B000162DGM, B00024EWWG, B00022750Y
B0000AUF5F, B0000AU640, B0006LTRJ8, B0001D0HSG
B0000AUT23, B0000789TN, B0001JUJ6K, B0000TIJDG
B0000AUTD6, B0000B12HF, 9991122052, B0002THW5A
B0000AUYV3, B0000AUYUZ, B0000CH8JZ, B0006IX0IU
B0000AUYUZ, B0000AUYV3, B0000CH8JZ, B0006IX0IU
B0000AUZNX, B0000AUYV3, B0000CH8JZ, B0006IX0IU
B0000AUYV8, B0000AUYV3, B0000CH8JZ, B0006IX0IU
B0000AVDNE, B00008IPN0, B0000C2QZX, B0001ZO3YI
B0000AVDAU, B0002P6IEK, B0002PVINQ, B0001VRXXK
B0000AVVFS, B0002T40ZK, B0002483OY, B0001Y50WS
B0000AWHBX, B0000AWHAZ, B00011TKMC, B0000AWH93
B0000AWIF4, B0000AWM3B, B0001N7ZN6, B0000AWHA0
B0000AWH93, B0000224VM, B0000722BF, B00009QB5V
B0000AWIBB, B0000AWHAZ, B0000AWH93, B0006JNTC6
B0000AWHGP, B0000224VM, B0000722BF, B00009QB5V
B0000AWHT8, B0002VR6ZE, B00020OEGO, B0001ZV7MO
B0000AWKKO, B0000AWLEJ, B0006NMVH6, B0006NNIFA
B0000AWHS3, B0000AWM3B, B0000AWIF4, B0001N7ZN6
B0000AWHQ4, B00011KKYO, B0002MHHL6, B00009LZRL
B0000AWLWY, B0000AWLX3, B0000AWJJF, B0000AWLPV
B0000AWQXY, B0000224VM, B0000722BF, B00009QB5V
B0000AWLEJ, B0000AWKKO, B00064MI3C, B0006NMVH6
B0000AWHA0, B0000AWH3C, B0000AWKA9, B0000AWM3B
B0000AWLX3, B0000AWLWY, B0000AWJJF, B0000AWLPV
B0000AWJL4, B0000C1DOM, B0000AX0F6, B00028XBHY
B0000AWM8I, B0000AWM3B, B0000CF2M8, B0000AWIF4
B0000AWH3C, B0000AWHA0, B0000AWKKO, B0002BGQYQ
B0000AWJJF, B0000AWJJY, B0000AWM3B, B0000AWIF4
B0000AWPV3, B0000AWXDQ, 9789816723, B0006846IS
B0000AWM3B, B0000AWM8I, B0000AWIF4, B0001N7ZN6
B0000AWJJY, B0000AWJJF, B0000AWM3B, B0000AWIF4
B0000AWL26, B0002XS4TO, B0002TVB70, B000074A7G
B0000AWRAA, B0000AWYXK, B0000EVVPE, B0000EVVQI
B0000AWOBT, B0000AWVWC, B0000AWPV3, B0000AWP30
B0000AWKNF, B0000AWKMR, B0005CHNXA, B0000AWLQS
B0000AWOD7, B0000224VM, B0000722BF, B00009QB5V
B0000AWO2B, B0001W0U5C, 0000037214, 0000031887
B0000AWKA9, B0000AWKKO, B0000AWHA0, B0006NMVH6
B0000AWJJS, B0000AWJJF, B0000AWM3B, B0000AWIF4
B0000AWJK2, B0000AWJJF, B0000AWM3B, B0000AWIF4
B0000AWQZC, B000072825, B0000AWLPV, B0002L4ASU
B0000AWLPV, B000072825, B0000AWQZC, B0002L4ASU
B0000AWLY1, B0000AWLWY, B0000AWJJF, B0000AWLPV
B0000AWY6Z, B0000AWLI1, B0002TOY9C, B0002XLGT4
B0000AWKMR, B0000AWKNF, B0005CHNXA, B0000AWLQS
B0000AWUXF, B0000AWTSF, B0000EVVRM, B0000AWTWR
B0000AWRP2, B0000AWS72, B0000E2X42, B0000EVVQS
B0000AWR6P, B000072825, B0000AWQZC, B0002L4ASU
B0000AWVWC, B0000AWOBT, B0000AWW8X, B0000AWVMI
B0000AWRWX, B0000AWZMP, B0000EVVPY, B0000AWT0K
B0000AWSUB, B0000AWYDW, B0000AWT0K, B0000EVVRC
B0000AWT6L, B0000C4CLC, B0000EVVRC, B0000AWT0K
B0000AWYXK, B0000AWRAA, B0000AWZ6K, B0000EVWYO
B0000AWHAA, 9895517319, B0002BS72U, B0000AWH93
B0000AWOJJ, B0000AWRAA, B0000AWP30, B0000AWPJE
B0000AWTSF, B0000AWUXF, B0000EVVRM, B0000AWTWR
B0000AWW8X, B0000AWT0K, B0000EVVSQ, B0000AWVWC
B0000AWM30, B00005JSCD, B0000AX1PY, B00014ZF1E
B0000AWS72, B0000AWRP2, B0000E2X42, B0000EVVQ8
B0000AWKC7, B0000AWKKO, B0000AWHA0, B0006NMVH6
B0000AWZ4C, B00007FCI7, B0002LIA1S, B0002TOVMC
B0000AWXDQ, B0000AWPV3, B0000EVWYO, B0000AWYDW
B0000AWHA8, B0000224VM, B0000722BF, B00009QB5V
B0000AWXMM, B0000EVVPY, B0000AWXDQ, B0000AWYDW
B0000AWT0K, B0000AWW8X, B0000AWSUB, B0000AWT6L
B0000AWYG3, B0000224VM, B0000722BF, B00009QB5V
B0000AWIY0, B0000AWLWY, B0000AWJJF, B0000AWLPV
B0000AX1MB, B00028NXCM, B0002KY9H8, B0002TRR2I
B0000AWVMI, B0000AS9KO, B0000C4CLR, B0000AWTSF
B0000AWZ9G, B0000AWRAA, B0000AWZMP, B0000EVXU2
B0000AWYDW, B0000AWSUB, B0000EVWYO, B0000AWXDQ
B0000AWZMP, B0000AWRWX, B0000EVXU2, B0000EVX1Q
B0000AWLI1, B0000AWY6Z, B0002TOY9C, B0002XLGT4
B0000AWTWR, B0000AWPJE, B0000EVVRM, B0000AWUXF
B0000AX0F6, B0000AWJL4, B00028XBHY, B0002TU1T4
B0000AWZ6K, B0000AWYXK, B0000AWW8X, B0000EVWYO
B0000AWPJE, B0000AWTWR, B0000AWP30, B0000AWOJJ
B0000AWQG0, B0001GT36A, B0006LSW6W, B0000T3QUW
B0000AX1PY, B0000224VM, B0000722BF, B00009QB5V
B0000AWLQS, B0005CHNXA, B0002KWZ4M, B0000ATBXV
B0000AWHAZ, B0000AWHBX, B00011TKMC, B0000AWIBB
B0000AWP30, B0000AWRWX, B0000AWPJE, B0000EVVOU
B0000AX0WV, B0000AOX1F, B00023JMZE, B00063EQ8S
B0000AX6DE, B0000E2PC4, B0000TSIKK, B0000AX6CM
B0000AX6CM, B0000AX6DE, B0000TSIKK, B0000TSQ8O
B0000AX6DH, B0000TSQDE, B0006L52II, B0002TQXFK
B0000AWXZZ, B0000AWPV3, B0000EVWYO, B0000AWYDW
B0000AY373, B00005OT8S, B0000722AS, B00008ID0O
B0000AYMTF, B0000B35CO, B0000BUX3R, B0000AHE2T
B0000AYO0P, B0000AWTWR, 9789816723, B0006846IS
B0000AYMRH, B0000B35CY, B0000BUWMU, B0000C6BPD
B0000AZ109, B0000AZ10B, B0000AZ106, B0000AZ13R
B0000AZ10P, B0002CVNRU, B0006AZB3A, B0000AZ10J
B0000AZ10B, B0000AZ109, B0000AZ106, B0000AZ13R
B0000AZ11I, B0000E1LZK, B0000BUWI8, B0000722AS
B0000AZ13A, B0000AOX1F, B00023JMZE, B0000AZ1A6
B0000AYMWN, B0000B35CO, B0000AHE2T, B00012PXHW
B0000AZ0ZR, B0000AZ0ZQ, B0000AZ0YJ, B0000AZ10L
B0000AZ0YO, B0000AZ0YA, B0000AZ0ZO, B0000AZ0Y5
B0000AZ11S, B0000AZ11Y, B00027M0E0, B0000AYOE1
B0000AYOE1, B0000AWTWR, B00027M0E0, 9789816723
B0000AZ0Y8, B0000AZ0ZR, B0000AZ0ZQ, B0000AZ0YJ
B0000AZ0ZK, B0000VS54M, B0000AZ0ZQ, B0000AZ0YJ
B0000AYMN0, B00023JT8Y, B0000B35CO, B00023JXZ8
B0000AZ10J, B0000AZ10P, B0000AZ10B, B0000AZ109
B0000AZ10F, B0000AZ14W, B0000AZ14R, B0000WWT9I
B0000AZ14W, B0000AZ14R, B00007GNHM, B0000AYOTL
B0000AZ110, B0000AOX1F, B00023JMZE, B0000AZ0ZO
B0000AZ104, B0000AZ111, B0000E1MZ8, B0006GBPXE
B0000AZ0ZO, B0000AZ0Y5, B0000AZ0YA, B0002CVO56
B0000AZ0Y5, B0000AZ0ZO, B0000AZ0YA, B0002CVO56
B0000AZ11Y, B0000AZ11S, B00027M0E0, B0000AYOE1
B0000AZ14R, B0000AZ14W, B0000AWTWR, 9789816723
B0000AYMIZ, B0006FUE7I, B00023K3IY, B0002J2X9K
B0000AZ106, B0000AZ10B, B0000AZ109, B0000AZ0ZK
B0000AZ12A, B0000AOX1F, B00023JMZE, B00063EQ8S
B0000AYOTL, B00007GNHM, B0000AZ14W, 9789816723
B0000AZ0YA, B0000AZ0ZO, B0000AZ0Y5, B0000AZ0YO
B0000AZ0ZQ, B0000AZ0YJ, B0000AZ0ZK, B0000VS54M
B0000AZ10I, B0000AZ10L, B000126W4U, B00007GGN2
B0000AZ11C, B0000AZVUA, B0006JDMKA, B0000BVGMA
B0000AZ10L, B0000AZ10I, B0000AZ0ZR, B0002AAFVW
B0000AZ13R, B00027CJU0, B0000BUWNU, B0000AZ10B
B0000AZ0YJ, B0000AZ0ZQ, B0000AZ0ZK, B0000VS54M
B0000AZ0ZI, B0002TG9IQ, B00032RCDS, B00027I3B4
B0000AZ111, B0000AOX1F, B00023JMZE, B00063EQ8S
B0000AZ1A6, B0000AWPV3, 9789816723, B0006846IS
B0000AZFJE, B00062ATG2, B00014ZI0C, B0000E1NNK
B0000AZVJS, B0000AZVU4, B000220EZM, B0000AZVTP
B0000AZVTP, B0000AOX1F, B00023JMZE, B0000SX1SK
B0000AZVUA, B0000AOX1F, B00023JMZE, B00063EQ8S
B0000AZVU4, B0000CNX13, B000220EZM, B0000BVETF
B0000AZW4L, B0000AZW5I, B0000AZW62, B0000AZW59
B0000AZVYW, B00011V2FA, B00012A8GS, B0000AS4TO
B0000AZW5I, B0000AZW4L, B0000AZW62, B0000AZW59
B0000AZW5C, B0000AZW59, B0000AZW4L, B0000AZW5I
B0000AZW4X, B0001MRFSW, B0000AZW4K, B0000AZW50
B0000AZW73, B0000AZW4K, B0001MRFSW, B0000AZW50
B0000AZW4K, B0001MRFSW, B0000AZW50, B0000AZW5E
B0000AZW59, B0000AZW4L, B0000AZW5C, B0000AZW5I
B0000AZW58, B0000AS4Q7, B0000AZW4L, B0000AS4SC
B0000AZW62, B0000AZW4L, B0000AZW5I, B0000AZW59
B0000AZW5E, B0000AZW4K, B0001MRFSW, B0000AZW50
B0000AZW4T, B0000BUWN7, B0002D8GKQ, B00023JP38
B0000AZW5D, B0000WLZBG, B0000AZW4L, B0000AZW5I
B0000AZW50, B0000AZW4K, B0001MRFSW, B0000AZW5E
B0000AZW4R, B0000AZW4L, B0000AZW5I, B0000AZW62
B0000AZW5N, B0000BUX9Z, B0000BUWMF, B0000AZW58
B0000B10D8, B0000BYA25, B0002JZH20, B0000C6BNW
B0000B10FB, B0000BYA1S, B000127352, B0000C6BPG
B0000B10FY, B0000AOX2L, B0000AOXGR, B0002C81BQ
B0000B10D1, B0000AS4YQ, B0000AOXGR, B0002C81BQ
B0000B10JY, B0000AOX2L, B0000C6BNW, B0000BXG2G
B0000B10GU, B0000AOX22, B0002FQCYG, B0000BXG1N
B0000B10FQ, B0000B10EV, B0000B35DG, B0000BYA0U
B0000B10DU, B0000BYA1S, B000127352, B0006696AI
B0000B10IO, B0000B10IE, B0000AWSUB, 9789816723
B0000B10HJ, B0000AOX2L, B0000BXG1N, B0000VO4CE
B0000B10DM, B0000BYA1S, B000127352, B0006696AI
B0000B10IE, B0000AWTWR, B0000B10IO, 9789816723
B0000B10EV, B0000B35DG, B0000B10FQ, B0000BYA0U
B0000B12HF, B0000AUTD6, B0002BS112, B00026LI58
B0000B10J9, B00007GNHM, B0000AZ14W, 9789816723
B0000B10HQ, B0000AKOZH, B0000AOXGR, B0002C81BQ
B0000B10HW, B0000AOXGR, B0002C81BQ, B0000BYA16
B0000B19R0, B00006I54X, B0000TW3WO, B0001DZDKS
B0000B35CR, B0000B35CS, B0000B35FY, B0000B35CI
B0000B35CO, B0000B35CP, B0000AHE2T, B00012PXHW
B0000B3581, B0000AKOZH, B0000CDVV2, B0000AS4TO
B0000B35CI, B0000B35CH, B0000B35CR, B0000B35FY
B0000B35CX, B00066WEV6, B0002CT9TY, B0000C057R
B0000B35DG, B0000B35DK, B0000B35D5, B0000BUWJZ
B0000B35CH, B0000B35CI, B0000B35CR, B0000B35FY
B0000B35EA, B0000B35CO, B00007GI85, B0000AHE2T
B0000B358C, B0000AOX22, B0000BUWI8, B0000AS53F
B0000B35D3, B0000B35DB, B0000B35DA, B0000B35D9
B0000B35D5, B0000B35DG, B0000B35DB, B0000BUWJZ
B0000B357T, B0000AKOZH, B0000AOXGR, B0002C81BQ
B0000B35FI, B0000AKOZH, B0000B35FR, B0000B35FL
B0000B35D8, B0000B35D9, B0000B35DA, B0000B35DB
B0000B35CS, B0000B35CR, B0000B35FY, B0000B35CI
B0000B35CP, B0000B35CO, B0000AHE2T, B00012PXHW
B0000B35DR, B0000B35EG, B000659ORY, B0000B35EL
B0000B35D9, B0000B35DA, B0000B35D8, B0000B35DB
B0000B35EI, B0000B35EQ, B0000B35EM, B0000B35EL
B0000B35EG, B0000B35EL, B0000B35DR, B0000B35EQ
B0000B35CY, B0000B35DB, B0000AYMRH, B0000C6BPD
B0000B35CN, B0000B35CO, B0000AHE2T, B00012PXHW
B0000B35FR, B0000AOX1F, B0000B35FL, B00023JMZE
B0000B35GE, B0000B35GD, B0000B35G6, B0000B35CI
B0000B35DU, B0000B35DR, B0000B35DB, B0000B35DA
B0000B35DK, B0000B35DG, B0000B35D5, B0000BUWJZ
B0000B35EQ, B0000B35EM, B0000B35EI, B0000B35EL
B0000B35EL, B0000B35EG, B0000B35EQ, B0000B35EM
B0000B35GL, B0000722AS, B00008ID0O, B0000AT7GG
B0000B35DZ, B0006696C6, B0000BUX9Z, B0000BUWMF
B0000B35DA, B0000B35D9, B0000B35DB, B0000B35D8
B0000B35CT, B0000AOX1F, B00023JMZE, B00063EQ8S
B0000B35G6, B0000B35GE, B0000B35GD, B0000B35CI
B0000B35E8, B0000B35GM, B0000B35CO, B0006ICOP0
B0000B35FY, B0000B35CR, B0000B35CI, B0000B35GM
B0000B35DB, B0000B35DA, B0000B35D3, B0000B35D9
B0000B357Z, B0000AOXGR, B0002C81BQ, B0000BYA16
B0000B35EM, B0000B35EQ, B0000B35EI, B0000B35EL
B0000B35FL, B0000B35FR, B0000AOX2E, B00023K6EA
B0000B355M, B0000AOX2L, B0000E1LZK, B0000AS4ZM
B0000B3DUK, B0006IIV16, B0006NUUVU, B0006NW8K6
B0000B35CU, B0000AOX1F, B00023JMZE, B00063EQ8S
B0000B35GD, B0000B35GE, B0000B35G6, B0000B35CI
B0000B35GM, B0000B35FY, B0000B35CR, B0000B35CI
B0000BKEPS, B0000224VM, B0000722BF, B00009QB5V
B0000BKDUA, B0000722AS, B00008ID0O, B0000AT7GG
B0000BRNB5, B00023QZXQ, B0002885HU, B0000BNFAN
B0000BNGQD, B0000BNGVL, B0000BKU5S, B0000BNFAN
B0000BNA4O, B0000BKDUA, B0000BNB7X, B00023QZXQ
B0000BNFAN, B0000BNEQJ, B0000BKU5S, B0000BRNB5
B0000BNGVL, B0000BNGQD, B0000BKU5S, B0000BNFAN
B0000BNEQJ, B0000BNFAN, B0000BKU5S, B0000BRNB5
B0000BKETN, B0000224VM, B0000722BF, B00009QB5V
B0000BNB7X, B0000224VM, B0000722BF, B00009QB5V
B0000BUWEB, B0000AOX1F, B00023JMZE, B0002935WE
B0000BNFM8, B0000BNFAN, B0000BKU5S, B0000BRNB5
B0000BNGCD, B0000BNGQD, B0000BKU5S, B0000BNFAN
B0000BUWN7, B00023JP38, B0000AZW4T, B00061OLJ4
B0000BUWVY, B0000BUX9Z, B0000BUWZ8, B0000BUX3W
B0000BUWNY, B000659OPQ, B0000B35CO, B0002TG9IQ
B0000BUWSV, B0000BUX5T, B0000BUXA0, B00012PXHW
B0000BKU5S, B0000224VM, B0000722BF, B00009QB5V
B0000BUWT7, B0000BUX9Z, B0000BUWZ8, B0000BUX3W
B0000BUWK5, B00012PXHW, B000299UH8, B0002059CM
B0000BUWS0, B0000ANAKR, B0002Y7NOU, B00061K7YM
B0000BUWXS, B0000BUWMU, B0000BUX9Z, B0000BUWZ8
B0000BUWRI, B0000BUWZ8, B0000BUX3W, B0000BUX9Q
B0000BUWNQ, B0000BUX9S, B0006696C6, B0000BUX9Z
B0000BUWSR, B0000BUX9S, B0000BUX1A, B0000AS4Q7
B0000BUWUV, B00063W4R8, B0000BUX9Z, B0000BUWZ8
B0000BUWQ0, B0000E1VW8, B0000C6BO0, B00023JY1Q
B0000BUWVH, B0000BUXA0, B00012PXHW, B000299UH8
B0000BUWTU, B00007FPTE, B00023K122, B00026RGL8
B0000BUWSG, B0000BUX40, B0000BUWT7, B0000BUX9Z
B0000BUX3F, B000693X1I, B0000722AS, B00008ID0O
B0000BUX71, B0000BUX9W, B000659OQA, B0000AS4XZ
B0000BUWZ8, B0000BUX3W, B0000BUX9Q, B0000BUX9Z
B0000BUX5X, B0000BUX9Z, B0000BUWZ8, B0000BUX3W
B0000BUWMU, B0000BUWXS, B0000AYMRH, B0000B35CY
B0000BUX9S, B0000BUWSR, B0000BUX1A, B0000AS4Q7
B0000BUXA3, B0000BUXA0, B00012PXHW, B000299UH8
B0000BUWQE, B0000B3581, B0000BUWU8, B0000CDVV2
B0000BUX9Q, B0000BUWZ8, B0000BUX3W, B0000BUX9Z
B0000BUWJZ, B00063K2O0, B0000B35DG, B0000AZ110
B0000BUX7F, B0002V4WRO, B0002E479E, B0002V4WRY
B0000BUXA6, B0000BUX9Z, B0000BUXAE, B0000BUWZ8
B0000BUX3W, B0000BUWZ8, B0000BUX9Q, B0000BUX9Z
B0000BUX5T, B0000BUX9Z, B0000BUWSV, B0000BUWZ8
B0000BUX9Z, B0000BUWZ8, B0000BUX3W, B0000BUX9Q
B0000BUWG0, B0000BUWNQ, B0000AZW50, B00012PXHW
B0000BUWU8, B0002WRLO4, B00065Z00Y, B0000BUWQE
B0000BUWNU, B0000B35CI, B0000ERU6T, B0006JDK9I
B0000BUX14, B0002ZG4LC, B0002V9KK8, B0002XRMDS
B0000BUWY5, 7503681888, B0000BUXA0, B00012PXHW
B0000BUWMR, B0000BUWMF, B0002PELQ2, B0000B35CO
B0000BUX4T, B0000BUWZ8, B0000BUX3W, B0000BUX9Q
B0000BUWMF, B0000BUX9Z, B0000BUWZ8, B0000BUX3W
B0000BUX6S, B00014ZI0C, B00023JV6O, B00023JP92
B0000BUXBO, B00007GNHM, B0000AZ14W, 9789816723
B0000BUXAE, B0000BUXA6, B0000BUX9Z, B0000BUWZ8
B0000BUX7S, B0000V1G4I, B0002CWUEK, B00018A7HC
B0000BUX6H, B0000722AS, B00008ID0O, B0000AT7GG
B0000BUX3R, B0000BUWZ8, B0000BUX3W, B0000BUX9Q
B0000BUX9W, B000659OQA, B0000BUX71, B0000AS4XZ
B0000BUX6A, B0002L514M, B00023K8Z2, B0002FQBIS
B0000BUWMW, B0000AS4Q7, B0000AS4SC, B0000AS4SE
B0000BUXA7, B0000BUX9Z, B0000BUWZ8, B0000BUX3W
B0000BUWI8, B0000AS4TO, B0000B35FI, B000659OIS
B0000BUWSI, B00066WG8C, B0000B35CX, B0000BUWSG
B0000BUXAJ, B0000BUX9Z, B0000BUWZ8, B0000BUX3W
B0000BUXA0, B00012PXHW, B000299UH8, B0000AS4TO
B0000BUWYA, B0000BUX9Z, B0000BUWZ8, B0000BUX3W
B0000BUXB5, B0000BUWZ8, B0000BUX3W, B0000BUX9Q
B0000BUXAM, B0000BUX9Z, B0000BUWZ8, B0000BUX3W
B0000BUXA5, B0000BUXA0, B00012PXHW, B000299UH8
B0000BUX40, B0000BUWSG, B0000BUX9Z, B0000BUWZ8
B0000BVF08, B0000BVF02, B0000BVETV, B0000BVF1T
B0000BVET9, B0000BVET4, B0000BY892, B0002XPAJG
B0000BVF1T, B0000BVF1V, B0000BVF08, B0000BYRH9
B0000BVEXP, B0000BVEY6, B0000TZK4C, B0000BVF02
B0000BVET4, B0000BVET9, B0000BY892, B0002XPAJG
B0000BVF1V, B0000BVF1T, B0000BVF08, B0000BYRH9
B0000BVF02, B0000BVF08, B0000BVETV, B0000BVF1T
B0000BVF20, B0000C05BS, B0000BY88P, B0000EVVQ8
B0000BVETF, B0000BVET9, B000220EZM, B0000BY892
B0000BVF63, B0000BVF08, B0000W56AM, B0000BVF1T
B0000BVF2U, B0000BVET9, B0000BY892, B0002XPAJG
B0000BVEY6, B0000BVEXP, B000220DNA, B0000B35CI
B0000BVEY3, B0000BVEXP, B0000CEMGJ, B0000B35CI
B0000BVGMA, B0000BY87J, B0000BVF2U, B0000BY892
B0000BUX1A, B0000BUWSR, B0000BUX9S, B0000AS4Q7
B0000BVF5A, B0000BVEXP, B000220DNA, B0001EZDIO
B0000BVKYN, B00009OX7M, B0000AIXZC, B00004U3M4
B0000BVF1Z, B0000BVF1T, B0000BYRH9, B0000BVF08
B0000BVGKL, B0000TII1E, B0002TQ7CE, B0000TII0K
B0000BVETV, B0000BVET9, B0000BVF08, B0001EZRWQ
B0000BVF2K, B0000BVET9, B0000BY890, B0002XPAJG
B0000BVGNJ, B0006BK5OY, B0001VWLXM, B0006DOALG
B0000BW2GC, B000652ERG, B0000VA1J4, B00028A9WO
B0000BWFMZ, B0000E1YVK, B0000A62I5, B0002ZBR0K
B0000BW1K0, B0001Z6DNM, B00024QUCQ, B0002USPEQ
B0000BW6IN, B0002XS4TO, B0000UV9ZK, B0002OULXK
B0000BXA83, B0000BUXA3, B0000BXA7N, B00030B3US
B0000BXA7N, B0000BXA7I, B00030LH18, B00030MBKO
B0000BX8L1, B00020J13U, B0002E3696, B0002TVO4K
B0000BXG2H, B0000BXG2K, B0000BXG20, B0000BYA2B
B0000BXG20, B0000BXG2K, B00023K9EC, B0002FQC28
B0000BXFLE, B0000AOX29, B0000AOX3C, B0000AOX2P
B0000BXG3X, B0000BYA2W, B0000BYA2F, B0000BYA2B
B0000BXG35, B0000AOX2L, B0000B3581, B0000VO4CE
B0000BXFMV, B0000AOX29, B0000AOX3C, B0000AOX2P
B0000BXG2K, B0000BXG20, B0000BXG2H, B0000BXG1N
B0000BXG25, B0000AOX2L, B00023K50U, B0002VRT3S
B0000BXG2N, B0006NX1Z2, B0000BXG2P, B0002TA1VW
B0000BXG2P, B0000BYA0Z, B0000BXG2N, B00017X44Q
B0000BXG1U, B0000AOX22, B0000CDVVE, B0000VO4CE
B0000BXG3C, B0000AOXL2, B0000AOXGR, B0002C81BQ
B0000BXG1N, B0000AKOZH, B0000VO4CE, B0006N2OMS
B0000BXFNH, B0000AOX29, B0000AOX3C, B0000AOX2P
B0000BXG2U, B0000AOX2E, B00023K6EA, B00064NP9I
B0000BXG2W, B0000AOXGR, B0002C81BQ, B0000BYA16
B0000BXA7I, B00030LH18, B00030MBKO, B00030LHBS
B0000BY88L, B0000BVF08, B0002KQQZG, B0000BY87Z
B0000BY892, B0000BVEXP, B0000BVF2U, B0002XPAJG
B0000BY87J, B0000BVGMA, B0001DXQWU, B00066WF3I
B0000BY88I, B0000BVF08, B0002KQQZG, B0000BY87Z
B0000BY87Z, B0000BVEXP, B0000BY88G, B0002KQQZG
B0000BY87V, B0000BVGMA, B0000AZVTP, B0000AZVU4
B0000BY88U, B0000BVEXP, B0002XPAM8, B0000W57JM
B0000BY88G, B0000BVF08, B0002KQQZG, B0000BY87Z
B0000BY87O, B0000BVGMA, B0002KQQ6A, B0000AS4UZ
B0000BXG2G, B0000AOX22, B0000BYA1B, B0000C6BNW
B0000BY88Q, B0000BVF08, B0002KQQZG, B0000BY87Z
B0000BYA1S, B000127352, B0000C6BPG, B00023JP10
B0000BY890, B0000BVEXP, B0000BVF2K, B0002XPAJG
B0000BYA2M, B0000BYA2B, B0000BYA2F, B0000BXG3X
B0000BYA42, B0000AOX1F, B00023JMZE, B0002VRT3I
B0000BYA0U, B0000AOX1F, B00023JMZE, B0002D8GMY
B0000BYA2W, B0000BXG3X, B0000BYA2F, B0000BYA2B
B0000BYA3Q, B0000BYA3T, B0002E47IA, B00024VSFU
B0000BYA2B, B0000BYA2M, B0000BYA2F, B0000BXG3X
B0000BY88P, B0000BYRH9, B0000BVF20, B0000BY88Q
B0000BYA16, B0000AOXGR, B0002C81BQ, B0000AS4OC
B0000BYA0Z, B0000AOX1F, B00023JMZE, B00017X44Q
B0000BYA3G, B0000BYA3V, B0000BYA3C, B0000BYA38
B0000BYA41, B0000AOX1F, B00023JMZE, B00063EQ8S
B0000BYA2F, B0000BYA2B, B0000BXG3X, B0000BYA2W
B0000BYA1B, B0000AOX2L, B0000BXG2G, B0000C6BNW
B0000BYA25, B0000B10D8, B0002JZH20, B0000CDVVE
B0000BYA3T, B0002E47IA, B0000BYA3Q, B00024VSFU
B0000BYA3V, B0000BYA3T, B0002E47IA, B0000BYA3G
B0000BYA3I, B0000BYA0U, B0000B10EV, B0000BYA38
B0000BYA12, B0000AOX2E, B00023K6EA, B00064NP9I
B0000BYA38, B0000BYA3C, B0000BYA3I, B0000BYA3G
B0000BYA3C, B0000BYA38, B0000BYA3G, B0000BYA3I
B0000BYRH9, B0000BYQXR, B0000BY88P, B0000BVF1Z